OBJECTID,casenumber,LOC_ERROR,lon,lat,POINT_M,year
1,8344750,NO ERROR,-89.84,35.20,4.55,7/31/2003
2,7659468,ROUTE NOT FOUND,0.00,0.00,0.00,1/2/2004
3,8059890,ROUTE NOT FOUND,0.00,0.00,0.00,2/29/2004
4,8088687,NO ERROR,-89.91,35.34,28.40,11/11/2003
5,7707322,NO ERROR,-86.41,35.73,5.68,1/1/2004
6,8714567,ROUTE NOT FOUND,0.00,0.00,0.00,8/10/2003
7,8465529,ROUTE NOT FOUND,0.00,0.00,0.00,8/9/2003
8,8273992,ROUTE NOT FOUND,0.00,0.00,0.00,7/20/2003
9,8751535,ROUTE NOT FOUND,0.00,0.00,0.00,1/21/2003
10,8015172,ROUTE NOT FOUND,0.00,0.00,0.00,8/24/2003
11,8193449,NO ERROR,-86.80,36.16,11.67,6/2/2003
12,8027401,NO ERROR,-86.45,35.47,10.72,3/21/2004
13,7707011,ROUTE NOT FOUND,0.00,0.00,0.00,8/7/2003
14,8441234,ROUTE NOT FOUND,0.00,0.00,0.00,4/23/2003
15,8153420,ROUTE NOT FOUND,0.00,0.00,0.00,7/18/2004
16,8116544,ROUTE NOT FOUND,0.00,0.00,0.00,3/6/2003
17,7940882,NO ERROR,-87.34,36.54,21.55,7/6/2004
18,8523004,ROUTE NOT FOUND,0.00,0.00,0.00,10/29/2003
19,7618863,ROUTE NOT FOUND,0.00,0.00,0.00,3/12/2003
20,7494891,ROUTE NOT FOUND,0.00,0.00,0.00,5/9/2003
21,7502000,NO ERROR,-90.00,35.12,11.34,9/13/2004
22,8022194,NO ERROR,-86.76,36.22,15.94,3/25/2003
23,7659512,ROUTE NOT FOUND,0.00,0.00,0.00,8/22/2004
24,8678761,ROUTE NOT FOUND,0.00,0.00,0.00,9/23/2003
25,8229080,ROUTE NOT FOUND,0.00,0.00,0.00,6/17/2003
26,7896515,NO ERROR,-86.87,35.91,11.09,7/31/2003
27,8142286,NO ERROR,-86.80,36.16,11.67,6/27/2003
28,7987515,ROUTE NOT FOUND,0.00,0.00,0.00,4/16/2004
29,7962904,ROUTE NOT FOUND,0.00,0.00,0.00,8/18/2003
30,8146628,ROUTE NOT FOUND,0.00,0.00,0.00,1/7/2003
31,7998488,ROUTE NOT FOUND,0.00,0.00,0.00,8/6/2004
32,8430408,ROUTE NOT FOUND,0.00,0.00,0.00,5/16/2003
33,8129122,NO ERROR,-89.98,35.10,9.80,4/16/2004
34,8109954,ROUTE NOT FOUND,0.00,0.00,0.00,9/21/2003
35,7923228,ROUTE NOT FOUND,0.00,0.00,0.00,4/3/2004
36,8514350,NO ERROR,-85.20,34.99,0.89,10/13/2003
37,7523135,ROUTE NOT FOUND,0.00,0.00,0.00,8/2/2003
38,8328212,ROUTE NOT FOUND,0.00,0.00,0.00,9/13/2003
39,7457261,ROUTE NOT FOUND,0.00,0.00,0.00,7/19/2003
40,8861300,NO ERROR,-82.57,36.58,12.35,3/24/2003
41,8658980,ROUTE NOT FOUND,0.00,0.00,0.00,6/7/2003
42,8222473,ROUTE NOT FOUND,0.00,0.00,0.00,8/28/2003
43,8217444,ROUTE NOT FOUND,0.00,0.00,0.00,8/25/2003
44,7881339,NO ERROR,-86.78,36.13,6.46,2/17/2003
45,8131680,ROUTE NOT FOUND,0.00,0.00,0.00,8/13/2003
46,7979196,ROUTE NOT FOUND,0.00,0.00,0.00,6/28/2004
47,8379480,ROUTE NOT FOUND,0.00,0.00,0.00,3/22/2003
48,8093372,ROUTE NOT FOUND,0.00,0.00,0.00,10/1/2004
49,8098301,NO ERROR,-89.98,35.10,9.80,7/2/2003
50,7876093,NO ERROR,-87.36,36.53,5.58,8/19/2004
51,8727834,ROUTE NOT FOUND,0.00,0.00,0.00,1/22/2003
52,8508851,ROUTE NOT FOUND,0.00,0.00,0.00,3/20/2003
53,8296029,ROUTE NOT FOUND,0.00,0.00,0.00,6/8/2003
54,8397069,ROUTE NOT FOUND,0.00,0.00,0.00,9/1/2003
55,8101283,ROUTE NOT FOUND,0.00,0.00,0.00,6/20/2004
56,8105526,ROUTE NOT FOUND,0.00,0.00,0.00,9/9/2003
57,7919977,ROUTE NOT FOUND,0.00,0.00,0.00,2/28/2004
58,8746853,NO ERROR,-86.47,35.49,17.74,7/23/2003
59,8511874,ROUTE NOT FOUND,0.00,0.00,0.00,3/23/2003
60,7502617,NO ERROR,-89.93,35.08,5.75,8/18/2003
61,8318111,NO ERROR,-90.04,35.15,2.85,2/19/2003
62,7392897,NO ERROR,-86.17,36.41,3.76,8/18/2003
63,8797303,ROUTE NOT FOUND,0.00,0.00,0.00,1/13/2003
64,8615227,NO ERROR,-83.57,35.83,26.29,10/10/2003
65,8207759,NO ERROR,-87.00,35.99,1.28,9/28/2003
66,7813039,ROUTE NOT FOUND,0.00,0.00,0.00,8/22/2003
67,7972660,ROUTE NOT FOUND,0.00,0.00,0.00,8/14/2004
68,8350848,NO ERROR,-85.31,35.03,4.84,4/11/2003
69,8070306,ROUTE NOT FOUND,0.00,0.00,0.00,10/22/2004
70,8093654,ROUTE NOT FOUND,0.00,0.00,0.00,11/20/2003
71,7730446,ROUTE NOT FOUND,0.00,0.00,0.00,6/26/2004
72,8716774,ROUTE NOT FOUND,0.00,0.00,0.00,7/14/2003
73,8504741,NO ERROR,-89.89,35.22,3.84,3/12/2003
74,8291603,ROUTE NOT FOUND,0.00,0.00,0.00,6/25/2003
75,8764670,ROUTE NOT FOUND,0.00,0.00,0.00,5/23/2003
76,8195413,NO ERROR,-86.77,36.20,14.28,11/14/2003
77,8031169,ROUTE NOT FOUND,0.00,0.00,0.00,2/10/2004
78,7715880,NO ERROR,-89.40,36.06,1.82,11/13/2003
79,8772753,NO ERROR,-89.70,35.05,19.13,10/13/2003
80,8199935,ROUTE NOT FOUND,0.00,0.00,0.00,5/9/2003
81,8048179,ROUTE NOT FOUND,0.00,0.00,0.00,9/9/2004
82,7789064,ROUTE NOT FOUND,0.00,0.00,0.00,4/4/2003
83,8452447,NO ERROR,-84.02,35.93,12.96,8/5/2003
84,7960059,ROUTE NOT FOUND,0.00,0.00,0.00,5/25/2004
85,8610635,ROUTE NOT FOUND,0.00,0.00,0.00,3/4/2003
86,7684156,ROUTE NOT FOUND,0.00,0.00,0.00,7/9/2003
87,8337229,NO ERROR,-86.63,36.30,2.65,5/22/2003
88,7643232,NO ERROR,-89.93,35.32,26.67,4/15/2004
89,8056975,NO ERROR,-84.07,35.99,7.39,10/3/2004
90,8074471,NO ERROR,-82.21,36.35,7.43,12/28/2003
91,7686447,ROUTE NOT FOUND,0.00,0.00,0.00,10/16/2004
92,8704068,ROUTE NOT FOUND,0.00,0.00,0.00,8/2/2003
93,8460132,ROUTE NOT FOUND,0.00,0.00,0.00,8/11/2003
94,7286820,NO ERROR,-84.00,35.84,11.80,10/6/2003
95,8270763,NO ERROR,-87.37,36.06,0.83,8/2/2003
96,8749033,ROUTE NOT FOUND,0.00,0.00,0.00,7/23/2003
97,8011933,NO ERROR,-89.89,35.22,3.72,2/12/2003
98,8149059,NO ERROR,-86.80,36.16,11.44,6/20/2003
99,8013597,NO ERROR,-83.55,35.79,22.35,9/4/2004
100,7701544,NO ERROR,-86.74,36.11,1.82,6/25/2003
101,8435563,NO ERROR,-86.56,36.02,1.86,11/25/2003
102,8150268,NO ERROR,-86.78,36.15,17.88,9/28/2004
103,8113597,NO ERROR,-83.93,35.96,18.34,10/19/2003
104,7925293,ROUTE NOT FOUND,0.00,0.00,0.00,1/7/2004
105,8517046,ROUTE NOT FOUND,0.00,0.00,0.00,11/21/2003
106,7612497,NO ERROR,-88.82,35.61,12.31,3/6/2003
107,7470906,ROUTE NOT FOUND,0.00,0.00,0.00,7/7/2003
108,7420212,ROUTE NOT FOUND,0.00,0.00,0.00,5/7/2004
109,8448330,ROUTE NOT FOUND,0.00,0.00,0.00,8/20/2003
110,8162574,ROUTE NOT FOUND,0.00,0.00,0.00,9/28/2004
111,7952103,ROUTE NOT FOUND,0.00,0.00,0.00,9/28/2004
112,8534964,NO ERROR,-85.29,34.99,7.75,8/31/2003
113,7659101,ROUTE NOT FOUND,0.00,0.00,0.00,7/29/2003
114,7506048,ROUTE NOT FOUND,0.00,0.00,0.00,1/4/2004
115,8029784,ROUTE NOT FOUND,0.00,0.00,0.00,10/11/2003
116,7667664,ROUTE NOT FOUND,0.00,0.00,0.00,9/15/2004
117,8701427,ROUTE NOT FOUND,0.00,0.00,0.00,8/7/2003
118,8250416,ROUTE NOT FOUND,0.00,0.00,0.00,10/22/2003
119,7924961,ROUTE NOT FOUND,0.00,0.00,0.00,12/26/2003
120,8144769,ROUTE NOT FOUND,0.00,0.00,0.00,8/1/2003
121,7993938,NO ERROR,-85.03,35.96,14.66,7/2/2004
122,8415928,ROUTE NOT FOUND,0.00,0.00,0.00,10/25/2003
123,8113079,NO ERROR,-83.90,35.93,6.77,12/8/2004
124,8108709,NO ERROR,-86.80,36.14,7.35,9/9/2003
125,7921430,NO ERROR,-89.89,35.21,3.04,1/27/2004
126,8512758,ROUTE NOT FOUND,0.00,0.00,0.00,6/14/2003
127,7513348,ROUTE NOT FOUND,0.00,0.00,0.00,5/30/2003
128,8323452,ROUTE NOT FOUND,0.00,0.00,0.00,10/16/2003
129,7452000,ROUTE NOT FOUND,0.00,0.00,0.00,9/26/2003
130,8852196,ROUTE NOT FOUND,0.00,0.00,0.00,1/17/2003
131,8617157,NO ERROR,-88.28,36.29,11.47,10/31/2003
132,8212591,ROUTE NOT FOUND,0.00,0.00,0.00,6/2/2003
133,7869724,ROUTE NOT FOUND,0.00,0.00,0.00,4/16/2003
134,8017766,NO ERROR,-83.55,35.79,22.35,6/22/2003
135,8672226,NO ERROR,-86.39,35.84,16.90,4/14/2003
136,8225723,ROUTE NOT FOUND,0.00,0.00,0.00,8/23/2003
137,8221121,NO ERROR,-86.73,36.09,7.65,7/2/2003
138,7889217,NO ERROR,-85.79,35.70,11.60,8/7/2003
139,8142066,ROUTE NOT FOUND,0.00,0.00,0.00,1/31/2003
140,7983516,ROUTE NOT FOUND,0.00,0.00,0.00,11/15/2004
141,8389734,NO ERROR,-83.98,35.74,10.89,9/8/2003
142,8100584,ROUTE NOT FOUND,0.00,0.00,0.00,7/20/2004
143,8101407,NO ERROR,-86.80,36.15,16.59,10/19/2003
144,7918912,ROUTE NOT FOUND,0.00,0.00,0.00,7/31/2004
145,8739843,NO ERROR,-87.32,35.26,21.77,8/1/2003
146,8511253,ROUTE NOT FOUND,0.00,0.00,0.00,3/12/2003
147,8310860,ROUTE NOT FOUND,0.00,0.00,0.00,3/17/2003
148,7392894,ROUTE NOT FOUND,0.00,0.00,0.00,8/13/2003
149,8794590,ROUTE NOT FOUND,0.00,0.00,0.00,9/17/2003
150,8613792,NO ERROR,-84.64,36.15,15.48,7/23/2003
151,8203815,NO ERROR,-86.85,36.13,29.38,4/10/2003
152,7802796,ROUTE NOT FOUND,0.00,0.00,0.00,3/15/2003
153,7963493,ROUTE NOT FOUND,0.00,0.00,0.00,4/7/2004
154,8344854,NO ERROR,-89.86,35.20,3.51,7/12/2003
155,8061684,ROUTE NOT FOUND,0.00,0.00,0.00,6/12/2004
156,8091942,NO ERROR,-90.03,35.21,16.86,8/8/2003
157,7715788,ROUTE NOT FOUND,0.00,0.00,0.00,4/8/2004
158,8714987,NO ERROR,-90.02,35.05,4.10,6/29/2003
159,8465871,NO ERROR,-83.92,35.99,8.23,9/2/2003
160,7978795,ROUTE NOT FOUND,0.00,0.00,0.00,9/2/2004
161,8376780,ROUTE NOT FOUND,0.00,0.00,0.00,3/8/2003
162,8085057,ROUTE NOT FOUND,0.00,0.00,0.00,7/10/2004
163,8096848,ROUTE NOT FOUND,0.00,0.00,0.00,6/25/2003
164,7789428,ROUTE NOT FOUND,0.00,0.00,0.00,4/21/2004
165,8722028,ROUTE NOT FOUND,0.00,0.00,0.00,7/14/2003
166,8506521,ROUTE NOT FOUND,0.00,0.00,0.00,6/9/2003
167,8295152,ROUTE NOT FOUND,0.00,0.00,0.00,4/25/2003
168,8772013,ROUTE NOT FOUND,0.00,0.00,0.00,4/23/2003
169,8199032,ROUTE NOT FOUND,0.00,0.00,0.00,5/21/2003
170,8040208,NO ERROR,-84.88,35.24,0.68,7/16/2004
171,7767686,ROUTE NOT FOUND,0.00,0.00,0.00,12/18/2003
172,8450427,ROUTE NOT FOUND,0.00,0.00,0.00,6/17/2003
173,7952568,ROUTE NOT FOUND,0.00,0.00,0.00,9/30/2004
174,8604876,NO ERROR,-83.96,35.77,13.34,4/28/2003
175,7670242,ROUTE NOT FOUND,0.00,0.00,0.00,6/30/2003
176,8331504,ROUTE NOT FOUND,0.00,0.00,0.00,6/8/2003
177,7627640,NO ERROR,-84.04,36.20,24.21,10/22/2004
178,8050542,NO ERROR,-85.50,36.19,5.86,9/22/2004
179,8060503,ROUTE NOT FOUND,0.00,0.00,0.00,12/27/2003
180,7683520,ROUTE NOT FOUND,0.00,0.00,0.00,8/3/2004
181,8702860,ROUTE NOT FOUND,0.00,0.00,0.00,3/18/2003
182,8454411,NO ERROR,-83.91,35.98,20.89,7/7/2003
183,8252901,ROUTE NOT FOUND,0.00,0.00,0.00,10/3/2003
184,7963153,ROUTE NOT FOUND,0.00,0.00,0.00,9/19/2003
185,8290753,ROUTE NOT FOUND,0.00,0.00,0.00,8/22/2003
186,8754924,ROUTE NOT FOUND,0.00,0.00,0.00,4/1/2003
187,8015515,ROUTE NOT FOUND,0.00,0.00,0.00,3/20/2003
188,8195370,ROUTE NOT FOUND,0.00,0.00,0.00,7/1/2003
189,8027430,NO ERROR,-86.45,35.49,18.64,4/2/2004
190,7707345,ROUTE NOT FOUND,0.00,0.00,0.00,11/18/2003
191,8446759,NO ERROR,-86.07,35.47,15.34,7/2/2003
192,8154380,NO ERROR,-86.39,35.83,12.21,1/15/2004
193,8119834,NO ERROR,-83.92,35.95,6.52,3/13/2003
194,7940946,NO ERROR,-87.34,36.52,12.83,7/6/2004
195,8523674,ROUTE NOT FOUND,0.00,0.00,0.00,11/25/2003
196,7627671,NO ERROR,-84.16,36.22,0.99,9/19/2003
197,7496331,ROUTE NOT FOUND,0.00,0.00,0.00,8/26/2003
198,7503042,ROUTE NOT FOUND,0.00,0.00,0.00,9/8/2004
199,8024938,ROUTE NOT FOUND,0.00,0.00,0.00,11/22/2003
200,7662729,ROUTE NOT FOUND,0.00,0.00,0.00,7/14/2004
201,8678882,NO ERROR,-83.86,36.00,16.90,7/19/2003
202,8241342,ROUTE NOT FOUND,0.00,0.00,0.00,10/23/2003
203,7905393,NO ERROR,-86.87,35.92,14.62,8/19/2003
204,8143536,ROUTE NOT FOUND,0.00,0.00,0.00,5/30/2003
205,7988779,ROUTE NOT FOUND,0.00,0.00,0.00,4/10/2004
206,8401713,ROUTE NOT FOUND,0.00,0.00,0.00,10/3/2003
207,8103636,NO ERROR,-86.72,36.25,17.69,7/6/2004
208,8105951,ROUTE NOT FOUND,0.00,0.00,0.00,9/7/2003
209,7919980,NO ERROR,-89.99,35.11,10.16,3/7/2004
210,8511907,ROUTE NOT FOUND,0.00,0.00,0.00,5/12/2003
211,8147881,ROUTE NOT FOUND,0.00,0.00,0.00,2/2/2003
212,7998684,NO ERROR,-86.87,35.93,12.48,7/21/2004
213,8430862,ROUTE NOT FOUND,0.00,0.00,0.00,7/28/2003
214,8138315,NO ERROR,-86.30,36.21,16.65,5/28/2004
215,8110896,ROUTE NOT FOUND,0.00,0.00,0.00,6/1/2003
216,7923342,ROUTE NOT FOUND,0.00,0.00,0.00,3/17/2004
217,8516005,NO ERROR,-86.87,36.10,10.97,12/28/2003
218,7525253,NO ERROR,-89.96,35.15,8.01,6/28/2003
219,8328543,ROUTE NOT FOUND,0.00,0.00,0.00,7/22/2003
220,7458888,ROUTE NOT FOUND,0.00,0.00,0.00,10/19/2003
221,7288204,NO ERROR,-82.11,36.11,0.40,6/12/2004
222,8671569,ROUTE NOT FOUND,0.00,0.00,0.00,5/16/2003
223,8224464,ROUTE NOT FOUND,0.00,0.00,0.00,4/21/2003
224,8218798,NO ERROR,-86.72,36.05,5.06,8/22/2003
225,7882218,ROUTE NOT FOUND,0.00,0.00,0.00,6/4/2003
226,8132473,ROUTE NOT FOUND,0.00,0.00,0.00,11/8/2003
227,7979542,NO ERROR,-84.07,35.86,6.48,4/9/2004
228,8384386,ROUTE NOT FOUND,0.00,0.00,0.00,8/4/2003
229,8095212,ROUTE NOT FOUND,0.00,0.00,0.00,7/13/2004
230,7254801,ROUTE NOT FOUND,0.00,0.00,0.00,8/7/2003
231,8098841,ROUTE NOT FOUND,0.00,0.00,0.00,8/13/2003
232,7906424,ROUTE NOT FOUND,0.00,0.00,0.00,1/25/2004
233,8733581,NO ERROR,-86.40,35.78,9.15,3/31/2003
234,8509276,ROUTE NOT FOUND,0.00,0.00,0.00,2/23/2003
235,8310499,NO ERROR,-89.95,35.13,3.07,7/18/2003
236,7327975,NO ERROR,-84.00,35.56,14.00,10/12/2003
237,8784733,NO ERROR,-89.52,35.23,7.04,11/22/2003
238,8200636,ROUTE NOT FOUND,0.00,0.00,0.00,10/9/2003
239,7508462,ROUTE NOT FOUND,0.00,0.00,0.00,9/18/2003
240,8318657,ROUTE NOT FOUND,0.00,0.00,0.00,4/11/2003
241,7418472,ROUTE NOT FOUND,0.00,0.00,0.00,7/8/2003
242,8801842,NO ERROR,-90.06,35.10,9.19,5/30/2003
243,8615791,ROUTE NOT FOUND,0.00,0.00,0.00,8/3/2003
244,8209687,NO ERROR,-83.57,35.86,28.41,9/7/2003
245,7820795,ROUTE NOT FOUND,0.00,0.00,0.00,7/2/2003
246,7977914,ROUTE NOT FOUND,0.00,0.00,0.00,10/8/2004
247,8359752,ROUTE NOT FOUND,0.00,0.00,0.00,9/2/2003
248,8070695,ROUTE NOT FOUND,0.00,0.00,0.00,6/12/2004
249,7208004,NO ERROR,-86.71,36.43,1.00,8/29/2003
250,8094608,ROUTE NOT FOUND,0.00,0.00,0.00,7/14/2003
251,7771761,ROUTE NOT FOUND,0.00,0.00,0.00,8/21/2004
252,8720283,NO ERROR,-90.02,35.14,0.58,3/1/2003
253,8506329,ROUTE NOT FOUND,0.00,0.00,0.00,4/2/2003
254,8291991,NO ERROR,-90.03,35.14,10.48,7/1/2003
255,8764908,ROUTE NOT FOUND,0.00,0.00,0.00,3/15/2003
256,8197236,ROUTE NOT FOUND,0.00,0.00,0.00,8/6/2003
257,8034255,ROUTE NOT FOUND,0.00,0.00,0.00,3/8/2004
258,7728238,ROUTE NOT FOUND,0.00,0.00,0.00,7/1/2003
259,8450010,ROUTE NOT FOUND,0.00,0.00,0.00,9/12/2003
260,8162855,ROUTE NOT FOUND,0.00,0.00,0.00,4/4/2004
261,7952440,ROUTE NOT FOUND,0.00,0.00,0.00,4/19/2004
262,8539555,ROUTE NOT FOUND,0.00,0.00,0.00,8/19/2003
263,7660017,ROUTE NOT FOUND,0.00,0.00,0.00,5/10/2003
264,7795467,ROUTE NOT FOUND,0.00,0.00,0.00,7/24/2003
265,8452452,ROUTE NOT FOUND,0.00,0.00,0.00,6/30/2003
266,7960618,ROUTE NOT FOUND,0.00,0.00,0.00,1/8/2004
267,7690050,ROUTE NOT FOUND,0.00,0.00,0.00,11/21/2003
268,8342919,ROUTE NOT FOUND,0.00,0.00,0.00,6/27/2003
269,7658388,NO ERROR,-85.25,35.19,10.73,11/22/2004
270,8058605,NO ERROR,-87.40,36.56,18.14,3/16/2004
271,8081272,ROUTE NOT FOUND,0.00,0.00,0.00,8/9/2003
272,7689617,ROUTE NOT FOUND,0.00,0.00,0.00,4/24/2004
273,8705278,ROUTE NOT FOUND,0.00,0.00,0.00,6/27/2003
274,8465267,ROUTE NOT FOUND,0.00,0.00,0.00,8/12/2003
275,8271432,ROUTE NOT FOUND,0.00,0.00,0.00,11/1/2003
276,8749301,ROUTE NOT FOUND,0.00,0.00,0.00,6/24/2003
277,8012091,ROUTE NOT FOUND,0.00,0.00,0.00,8/9/2003
278,8154326,ROUTE NOT FOUND,0.00,0.00,0.00,11/14/2003
279,8015641,ROUTE NOT FOUND,0.00,0.00,0.00,8/14/2004
280,7705432,ROUTE NOT FOUND,0.00,0.00,0.00,6/20/2003
281,8439463,ROUTE NOT FOUND,0.00,0.00,0.00,5/9/2003
282,8152750,ROUTE NOT FOUND,0.00,0.00,0.00,2/10/2004
283,8116431,NO ERROR,-83.94,35.95,17.72,9/2/2003
284,7934809,NO ERROR,-86.96,36.63,8.11,9/11/2004
285,8517112,NO ERROR,-86.80,36.18,1.38,9/3/2003
286,7612498,NO ERROR,-88.80,35.62,16.99,3/7/2003
287,7493182,NO ERROR,-90.01,35.14,0.66,9/9/2003
288,7437821,ROUTE NOT FOUND,0.00,0.00,0.00,7/3/2004
289,8021478,ROUTE NOT FOUND,0.00,0.00,0.00,2/4/2003
290,8674293,ROUTE NOT FOUND,0.00,0.00,0.00,9/28/2003
291,8228132,ROUTE NOT FOUND,0.00,0.00,0.00,6/12/2003
292,7895642,ROUTE NOT FOUND,0.00,0.00,0.00,3/10/2003
293,7531559,ROUTE NOT FOUND,0.00,0.00,0.00,9/13/2004
294,8030791,ROUTE NOT FOUND,0.00,0.00,0.00,3/29/2003
295,7672979,ROUTE NOT FOUND,0.00,0.00,0.00,7/12/2004
296,8701477,ROUTE NOT FOUND,0.00,0.00,0.00,6/21/2003
297,8250781,ROUTE NOT FOUND,0.00,0.00,0.00,9/8/2003
298,7955904,ROUTE NOT FOUND,0.00,0.00,0.00,8/9/2003
299,8144871,ROUTE NOT FOUND,0.00,0.00,0.00,3/16/2003
300,7998153,NO ERROR,-86.88,35.94,15.93,5/10/2004
301,8416903,NO ERROR,-89.15,35.33,2.60,11/27/2003
302,8123067,ROUTE NOT FOUND,0.00,0.00,0.00,8/2/2004
303,8109473,ROUTE NOT FOUND,0.00,0.00,0.00,8/12/2003
304,7922648,ROUTE NOT FOUND,0.00,0.00,0.00,2/21/2004
305,8513999,ROUTE NOT FOUND,0.00,0.00,0.00,4/23/2003
306,7514381,ROUTE NOT FOUND,0.00,0.00,0.00,7/10/2003
307,8328166,NO ERROR,-87.31,36.57,23.90,8/27/2003
308,7457189,NO ERROR,-90.03,35.01,0.83,9/30/2003
309,8859367,ROUTE NOT FOUND,0.00,0.00,0.00,7/19/2003
310,8621114,ROUTE NOT FOUND,0.00,0.00,0.00,10/12/2003
311,8222171,ROUTE NOT FOUND,0.00,0.00,0.00,7/26/2003
312,8213188,ROUTE NOT FOUND,0.00,0.00,0.00,6/27/2003
313,7875819,ROUTE NOT FOUND,0.00,0.00,0.00,8/31/2003
314,7978820,NO ERROR,-83.97,35.95,16.12,4/5/2004
315,8142279,NO ERROR,-86.80,36.15,16.68,3/22/2003
316,7987499,ROUTE NOT FOUND,0.00,0.00,0.00,7/27/2004
317,8392601,NO ERROR,-86.66,36.31,0.34,9/18/2003
318,8101165,ROUTE NOT FOUND,0.00,0.00,0.00,10/9/2004
319,8103127,ROUTE NOT FOUND,0.00,0.00,0.00,7/24/2003
320,7919701,ROUTE NOT FOUND,0.00,0.00,0.00,1/9/2004
321,8745354,NO ERROR,-88.55,35.70,3.32,12/24/2003
322,8511313,ROUTE NOT FOUND,0.00,0.00,0.00,4/3/2003
323,7502408,ROUTE NOT FOUND,0.00,0.00,0.00,8/5/2003
324,8312126,NO ERROR,-90.06,35.06,6.26,1/27/2003
325,7392896,NO ERROR,-86.13,36.39,14.35,8/18/2003
326,8796536,ROUTE NOT FOUND,0.00,0.00,0.00,3/22/2003
327,8613795,NO ERROR,-84.53,36.05,6.20,7/30/2003
328,8207371,ROUTE NOT FOUND,0.00,0.00,0.00,6/30/2003
329,7803002,ROUTE NOT FOUND,0.00,0.00,0.00,1/26/2003
330,7965662,ROUTE NOT FOUND,0.00,0.00,0.00,9/1/2004
331,8345213,ROUTE NOT FOUND,0.00,0.00,0.00,10/2/2003
332,8061827,ROUTE NOT FOUND,0.00,0.00,0.00,12/29/2004
333,8092017,ROUTE NOT FOUND,0.00,0.00,0.00,6/9/2003
334,7730027,ROUTE NOT FOUND,0.00,0.00,0.00,10/30/2004
335,8714999,ROUTE NOT FOUND,0.00,0.00,0.00,7/9/2003
336,8504727,NO ERROR,-90.11,35.00,1.31,3/2/2003
337,8291202,ROUTE NOT FOUND,0.00,0.00,0.00,7/12/2003
338,8764060,NO ERROR,-82.41,36.15,0.50,7/28/2003
339,8377299,NO ERROR,-86.77,36.11,0.07,5/7/2003
340,8086955,NO ERROR,-88.38,35.55,3.63,1/26/2004
341,8097189,NO ERROR,-89.96,35.09,7.98,12/18/2003
342,7812070,ROUTE NOT FOUND,0.00,0.00,0.00,4/18/2004
343,8723301,ROUTE NOT FOUND,0.00,0.00,0.00,1/8/2003
344,8506918,ROUTE NOT FOUND,0.00,0.00,0.00,4/17/2003
345,8295480,ROUTE NOT FOUND,0.00,0.00,0.00,6/4/2003
346,8772470,ROUTE NOT FOUND,0.00,0.00,0.00,9/16/2003
347,8199213,NO ERROR,-85.20,35.08,5.17,5/15/2003
348,8042937,ROUTE NOT FOUND,0.00,0.00,0.00,4/18/2004
349,7777413,ROUTE NOT FOUND,0.00,0.00,0.00,3/20/2003
350,8451677,ROUTE NOT FOUND,0.00,0.00,0.00,5/28/2003
351,7952648,NO ERROR,-88.41,36.05,17.70,9/5/2004
352,8606108,NO ERROR,-83.57,35.84,26.56,8/21/2003
353,7674915,ROUTE NOT FOUND,0.00,0.00,0.00,5/27/2003
354,8335486,ROUTE NOT FOUND,0.00,0.00,0.00,4/24/2003
355,7632459,ROUTE NOT FOUND,0.00,0.00,0.00,8/23/2004
356,8051054,ROUTE NOT FOUND,0.00,0.00,0.00,10/5/2004
357,8060848,NO ERROR,-90.02,35.07,5.40,12/28/2003
358,7684068,NO ERROR,-85.11,35.00,6.34,2/8/2004
359,8704067,ROUTE NOT FOUND,0.00,0.00,0.00,8/1/2003
360,8458384,ROUTE NOT FOUND,0.00,0.00,0.00,8/4/2003
361,8266027,ROUTE NOT FOUND,0.00,0.00,0.00,12/12/2003
362,8748775,ROUTE NOT FOUND,0.00,0.00,0.00,6/23/2003
363,8007404,ROUTE NOT FOUND,0.00,0.00,0.00,7/1/2003
364,8148732,ROUTE NOT FOUND,0.00,0.00,0.00,3/16/2003
365,8000657,ROUTE NOT FOUND,0.00,0.00,0.00,9/2/2004
366,8430866,NO ERROR,-89.91,35.15,10.94,12/23/2003
367,8148819,NO ERROR,-86.81,36.11,5.12,5/29/2004
368,8195410,NO ERROR,-86.76,36.21,15.48,10/11/2003
369,8027592,NO ERROR,-86.46,35.48,10.31,1/31/2004
370,7710616,NO ERROR,-88.94,36.01,16.50,7/18/2003
371,8448245,ROUTE NOT FOUND,0.00,0.00,0.00,7/10/2003
372,8160123,NO ERROR,-82.37,36.32,16.99,10/22/2004
373,7945079,ROUTE NOT FOUND,0.00,0.00,0.00,8/4/2004
374,8532909,NO ERROR,-85.81,36.61,18.90,8/28/2003
375,7656362,ROUTE NOT FOUND,0.00,0.00,0.00,6/5/2003
376,7503045,ROUTE NOT FOUND,0.00,0.00,0.00,11/22/2004
377,8029599,ROUTE NOT FOUND,0.00,0.00,0.00,10/21/2003
378,7662740,ROUTE NOT FOUND,0.00,0.00,0.00,7/27/2004
379,8683228,NO ERROR,-86.33,35.53,21.77,8/31/2003
380,8250229,NO ERROR,-90.02,35.14,0.12,9/21/2003
381,7921504,ROUTE NOT FOUND,0.00,0.00,0.00,12/28/2003
382,8143542,NO ERROR,-86.80,36.15,16.53,8/1/2003
383,7989491,ROUTE NOT FOUND,0.00,0.00,0.00,5/15/2004
384,8408215,NO ERROR,-86.23,35.38,1.94,10/29/2003
385,8106923,ROUTE NOT FOUND,0.00,0.00,0.00,5/6/2004
386,8108552,ROUTE NOT FOUND,0.00,0.00,0.00,9/22/2003
387,7920278,ROUTE NOT FOUND,0.00,0.00,0.00,1/4/2004
388,8512555,NO ERROR,-89.93,35.08,5.75,5/30/2003
389,7511118,ROUTE NOT FOUND,0.00,0.00,0.00,3/14/2003
390,8320861,ROUTE NOT FOUND,0.00,0.00,0.00,8/31/2003
391,7445077,ROUTE NOT FOUND,0.00,0.00,0.00,3/25/2003
392,8851582,NO ERROR,-89.04,36.48,24.90,6/6/2003
393,8615792,ROUTE NOT FOUND,0.00,0.00,0.00,8/4/2003
394,8111897,ROUTE NOT FOUND,0.00,0.00,0.00,5/25/2003
395,7924819,ROUTE NOT FOUND,0.00,0.00,0.00,5/23/2004
396,8516367,NO ERROR,-86.80,36.15,8.47,10/27/2003
397,7570151,ROUTE NOT FOUND,0.00,0.00,0.00,7/12/2003
398,8330672,ROUTE NOT FOUND,0.00,0.00,0.00,10/3/2003
399,7462349,ROUTE NOT FOUND,0.00,0.00,0.00,7/13/2003
400,7288273,ROUTE NOT FOUND,0.00,0.00,0.00,7/10/2004
401,8672055,ROUTE NOT FOUND,0.00,0.00,0.00,6/5/2003
402,8225637,NO ERROR,-82.56,36.55,9.69,6/2/2003
403,8220829,NO ERROR,-86.77,36.11,5.34,10/24/2003
404,7882222,NO ERROR,-86.22,35.37,3.18,7/8/2003
405,8141034,NO ERROR,-84.59,35.47,2.35,7/21/2003
406,7981470,ROUTE NOT FOUND,0.00,0.00,0.00,12/10/2004
407,8387979,NO ERROR,-87.51,35.04,6.45,10/14/2003
408,8095995,ROUTE NOT FOUND,0.00,0.00,0.00,7/26/2004
409,7241260,ROUTE NOT FOUND,0.00,0.00,0.00,8/30/2003
410,8099843,ROUTE NOT FOUND,0.00,0.00,0.00,12/17/2003
411,7918402,NO ERROR,-90.06,35.05,5.25,6/2/2004
412,8734127,ROUTE NOT FOUND,0.00,0.00,0.00,6/3/2003
413,8510463,ROUTE NOT FOUND,0.00,0.00,0.00,5/26/2003
414,8310752,ROUTE NOT FOUND,0.00,0.00,0.00,2/21/2003
415,7361853,ROUTE NOT FOUND,0.00,0.00,0.00,2/5/2003
416,8790910,ROUTE NOT FOUND,0.00,0.00,0.00,5/17/2003
417,8611393,ROUTE NOT FOUND,0.00,0.00,0.00,6/28/2003
418,8203638,ROUTE NOT FOUND,0.00,0.00,0.00,8/9/2003
419,7798639,NO ERROR,-87.25,36.52,16.25,6/5/2003
420,7963454,NO ERROR,-90.03,35.04,2.81,1/15/2004
421,8211461,ROUTE NOT FOUND,0.00,0.00,0.00,3/7/2003
422,7868854,ROUTE NOT FOUND,0.00,0.00,0.00,7/27/2003
423,7978618,ROUTE NOT FOUND,0.00,0.00,0.00,4/4/2004
424,8359979,ROUTE NOT FOUND,0.00,0.00,0.00,11/8/2003
425,8071575,NO ERROR,-86.42,35.85,10.25,8/7/2004
426,8096682,ROUTE NOT FOUND,0.00,0.00,0.00,5/20/2003
427,7775461,ROUTE NOT FOUND,0.00,0.00,0.00,5/16/2004
428,8720534,NO ERROR,-89.80,35.15,7.32,2/6/2003
429,8506434,ROUTE NOT FOUND,0.00,0.00,0.00,4/11/2003
430,7309323,NO ERROR,-84.83,35.72,24.71,8/27/2003
431,8293161,NO ERROR,-89.89,35.21,3.04,10/23/2003
432,8765794,ROUTE NOT FOUND,0.00,0.00,0.00,9/21/2003
433,8197271,ROUTE NOT FOUND,0.00,0.00,0.00,7/18/2003
434,8036072,NO ERROR,-82.19,36.58,15.70,4/6/2004
435,7767587,ROUTE NOT FOUND,0.00,0.00,0.00,3/22/2003
436,8450021,ROUTE NOT FOUND,0.00,0.00,0.00,6/2/2003
437,7952478,ROUTE NOT FOUND,0.00,0.00,0.00,3/1/2004
438,8539569,ROUTE NOT FOUND,0.00,0.00,0.00,9/10/2003
439,7661144,ROUTE NOT FOUND,0.00,0.00,0.00,3/16/2003
440,7588165,ROUTE NOT FOUND,0.00,0.00,0.00,5/26/2004
441,8060263,ROUTE NOT FOUND,0.00,0.00,0.00,12/4/2003
442,7679439,NO ERROR,-85.01,35.09,24.09,4/1/2004
443,8701480,NO ERROR,-85.29,34.99,7.34,12/3/2003
444,8453780,ROUTE NOT FOUND,0.00,0.00,0.00,8/27/2003
445,8252786,ROUTE NOT FOUND,0.00,0.00,0.00,11/5/2003
446,9645212,ROUTE NOT FOUND,0.00,0.00,0.00,1/28/2005
447,8140275,ROUTE NOT FOUND,0.00,0.00,0.00,6/25/2005
448,9639928,ROUTE NOT FOUND,0.00,0.00,0.00,11/19/2004
449,8244041,NO ERROR,-82.37,36.33,17.71,6/28/2004
450,8824451,ROUTE NOT FOUND,0.00,0.00,0.00,6/11/2004
451,8625970,ROUTE NOT FOUND,0.00,0.00,0.00,9/8/2005
452,8684778,ROUTE NOT FOUND,0.00,0.00,0.00,4/26/2004
453,8545349,ROUTE NOT FOUND,0.00,0.00,0.00,6/4/2004
454,8500377,ROUTE NOT FOUND,0.00,0.00,0.00,9/7/2004
455,9835221,ROUTE NOT FOUND,0.00,0.00,0.00,8/3/2005
456,8843263,NO ERROR,-86.79,36.16,17.07,7/21/2004
457,8392773,NO ERROR,-86.62,36.30,3.03,8/21/2004
458,9132329,NO ERROR,-86.80,36.15,16.47,8/18/2005
459,8904438,ROUTE NOT FOUND,0.00,0.00,0.00,9/19/2005
460,9728628,ROUTE NOT FOUND,0.00,0.00,0.00,3/6/2005
461,50008377,ROUTE NOT FOUND,0.00,0.00,0.00,12/26/2005
462,8938077,NO ERROR,-83.91,35.94,8.05,11/18/2005
463,8467720,ROUTE NOT FOUND,0.00,0.00,0.00,4/12/2005
464,8238486,ROUTE NOT FOUND,0.00,0.00,0.00,6/4/2004
465,8841461,ROUTE NOT FOUND,0.00,0.00,0.00,8/4/2004
466,8838412,ROUTE NOT FOUND,0.00,0.00,0.00,4/19/2005
467,8580607,NO ERROR,-82.36,36.32,1.10,7/28/2004
468,9610367,ROUTE NOT FOUND,0.00,0.00,0.00,8/7/2005
469,7940085,NO ERROR,-86.74,35.91,3.30,9/5/2005
470,7438920,ROUTE NOT FOUND,0.00,0.00,0.00,6/10/2005
471,9593651,ROUTE NOT FOUND,0.00,0.00,0.00,11/6/2004
472,8810655,ROUTE NOT FOUND,0.00,0.00,0.00,7/18/2004
473,8521968,ROUTE NOT FOUND,0.00,0.00,0.00,4/23/2005
474,8658389,NO ERROR,-84.83,35.15,3.67,11/3/2004
475,9577265,ROUTE NOT FOUND,0.00,0.00,0.00,5/30/2005
476,8494309,ROUTE NOT FOUND,0.00,0.00,0.00,12/8/2004
477,9807611,ROUTE NOT FOUND,0.00,0.00,0.00,4/27/2005
478,8328789,ROUTE NOT FOUND,0.00,0.00,0.00,2/29/2004
479,9069606,NO ERROR,-86.84,36.20,4.41,10/20/2005
480,8296664,ROUTE NOT FOUND,0.00,0.00,0.00,9/29/2004
481,8895778,ROUTE NOT FOUND,0.00,0.00,0.00,9/7/2005
482,9701129,NO ERROR,-90.03,35.20,16.27,6/27/2005
483,9828690,ROUTE NOT FOUND,0.00,0.00,0.00,3/15/2005
484,8360807,NO ERROR,-89.93,35.19,19.84,7/17/2004
485,9101643,NO ERROR,-86.81,36.14,15.48,5/26/2005
486,8303846,ROUTE NOT FOUND,0.00,0.00,0.00,5/7/2004
487,8898601,ROUTE NOT FOUND,0.00,0.00,0.00,5/28/2005
488,9707975,NO ERROR,-88.76,35.52,4.30,4/29/2005
489,8936052,ROUTE NOT FOUND,0.00,0.00,0.00,4/17/2005
490,8426492,ROUTE NOT FOUND,0.00,0.00,0.00,6/23/2005
491,8234137,ROUTE NOT FOUND,0.00,0.00,0.00,7/23/2004
492,8838306,ROUTE NOT FOUND,0.00,0.00,0.00,6/2/2004
493,8778304,ROUTE NOT FOUND,0.00,0.00,0.00,8/23/2005
494,8564286,ROUTE NOT FOUND,0.00,0.00,0.00,3/28/2004
495,7718868,ROUTE NOT FOUND,0.00,0.00,0.00,10/28/2005
496,8491032,NO ERROR,-84.10,36.23,0.45,9/8/2004
497,9764627,ROUTE NOT FOUND,0.00,0.00,0.00,11/21/2004
498,9580184,ROUTE NOT FOUND,0.00,0.00,0.00,10/3/2004
499,8649016,NO ERROR,-85.31,35.03,7.41,10/12/2004
500,9293465,NO ERROR,-86.80,36.15,16.50,11/15/2005
501,8481063,ROUTE NOT FOUND,0.00,0.00,0.00,8/26/2004
502,9753884,ROUTE NOT FOUND,0.00,0.00,0.00,8/20/2005
503,9060196,ROUTE NOT FOUND,0.00,0.00,0.00,10/20/2005
504,8267412,NO ERROR,-90.01,35.16,13.84,2/10/2004
505,8893051,ROUTE NOT FOUND,0.00,0.00,0.00,7/16/2005
506,9689082,ROUTE NOT FOUND,0.00,0.00,0.00,9/5/2005
507,8259338,NO ERROR,-82.35,36.40,0.22,7/13/2005
508,8232743,ROUTE NOT FOUND,0.00,0.00,0.00,8/15/2004
509,8829903,ROUTE NOT FOUND,0.00,0.00,0.00,8/27/2004
510,8651418,ROUTE NOT FOUND,0.00,0.00,0.00,9/26/2005
511,8720763,NO ERROR,-89.69,35.21,13.34,9/9/2004
512,8555219,ROUTE NOT FOUND,0.00,0.00,0.00,12/2/2004
513,8480650,ROUTE NOT FOUND,0.00,0.00,0.00,8/18/2004
514,8922556,ROUTE NOT FOUND,0.00,0.00,0.00,7/8/2005
515,8340271,ROUTE NOT FOUND,0.00,0.00,0.00,6/28/2005
516,8231384,ROUTE NOT FOUND,0.00,0.00,0.00,3/26/2004
517,8836169,ROUTE NOT FOUND,0.00,0.00,0.00,8/13/2004
518,8706337,NO ERROR,-83.20,35.88,4.47,5/16/2005
519,8779382,NO ERROR,-89.75,35.06,15.61,8/15/2004
520,8559616,ROUTE NOT FOUND,0.00,0.00,0.00,6/15/2004
521,7583435,ROUTE NOT FOUND,0.00,0.00,0.00,9/19/2005
522,8479777,ROUTE NOT FOUND,0.00,0.00,0.00,7/16/2004
523,9677431,ROUTE NOT FOUND,0.00,0.00,0.00,8/11/2004
524,9576401,NO ERROR,-86.39,35.86,11.52,8/30/2004
525,8640751,ROUTE NOT FOUND,0.00,0.00,0.00,6/2/2004
526,9260103,ROUTE NOT FOUND,0.00,0.00,0.00,11/3/2005
527,9749978,ROUTE NOT FOUND,0.00,0.00,0.00,4/8/2005
528,9040510,ROUTE NOT FOUND,0.00,0.00,0.00,11/8/2005
529,8263936,ROUTE NOT FOUND,0.00,0.00,0.00,6/25/2004
530,8888877,NO ERROR,-90.06,35.06,6.36,7/18/2005
531,9649374,NO ERROR,-85.25,35.14,9.56,6/12/2005
532,8186767,NO ERROR,-85.52,35.01,2.10,11/27/2005
533,8207065,ROUTE NOT FOUND,0.00,0.00,0.00,7/6/2004
534,8825097,ROUTE NOT FOUND,0.00,0.00,0.00,9/29/2004
535,8632247,ROUTE NOT FOUND,0.00,0.00,0.00,2/3/2005
536,8702850,NO ERROR,-85.31,35.03,7.41,3/3/2004
537,8551661,NO ERROR,-83.92,36.02,10.61,8/23/2004
538,8478922,ROUTE NOT FOUND,0.00,0.00,0.00,5/9/2004
539,9841343,NO ERROR,-86.77,36.08,0.48,8/24/2005
540,8848578,NO ERROR,-89.69,35.03,24.38,1/11/2004
541,9135655,NO ERROR,-84.00,35.93,13.24,11/26/2005
542,8906152,NO ERROR,-87.34,36.54,21.15,11/15/2005
543,9734540,ROUTE NOT FOUND,0.00,0.00,0.00,10/4/2005
544,50096224,NO ERROR,-84.23,36.00,4.34,6/2/2005
545,9155044,ROUTE NOT FOUND,0.00,0.00,0.00,12/2/2004
546,9162387,NO ERROR,-88.28,36.29,11.67,2/14/2005
547,8921877,NO ERROR,-86.41,35.86,15.74,5/31/2005
548,9741087,NO ERROR,-86.88,35.89,10.03,12/7/2005
549,9025577,NO ERROR,-82.85,36.15,14.65,10/24/2005
550,8497720,ROUTE NOT FOUND,0.00,0.00,0.00,5/16/2005
551,8254371,ROUTE NOT FOUND,0.00,0.00,0.00,1/2/2004
552,8887793,NO ERROR,-90.06,35.11,9.51,10/18/2005
553,8631554,NO ERROR,-83.92,36.00,8.77,5/11/2004
554,9628229,NO ERROR,-84.87,35.16,14.02,3/23/2005
555,8093735,ROUTE NOT FOUND,0.00,0.00,0.00,4/28/2005
556,8122266,ROUTE NOT FOUND,0.00,0.00,0.00,10/7/2005
557,9639219,NO ERROR,-86.40,35.85,11.25,11/23/2004
558,8187711,NO ERROR,-85.52,35.01,2.07,10/11/2004
559,8822426,ROUTE NOT FOUND,0.00,0.00,0.00,9/14/2004
560,8573582,ROUTE NOT FOUND,0.00,0.00,0.00,5/15/2005
561,8680005,NO ERROR,-83.93,36.04,11.78,6/24/2004
562,8542673,ROUTE NOT FOUND,0.00,0.00,0.00,10/16/2004
563,8522725,ROUTE NOT FOUND,0.00,0.00,0.00,6/5/2004
564,8473298,ROUTE NOT FOUND,0.00,0.00,0.00,7/2/2004
565,9830722,ROUTE NOT FOUND,0.00,0.00,0.00,8/28/2005
566,8842877,ROUTE NOT FOUND,0.00,0.00,0.00,8/10/2004
567,8391866,NO ERROR,-86.62,36.33,2.39,5/27/2004
568,9131176,NO ERROR,-86.84,36.13,13.82,7/18/2005
569,8319412,ROUTE NOT FOUND,0.00,0.00,0.00,10/26/2004
570,8903864,ROUTE NOT FOUND,0.00,0.00,0.00,10/5/2005
571,9721689,NO ERROR,-89.98,35.15,6.68,8/6/2005
572,9844129,ROUTE NOT FOUND,0.00,0.00,0.00,6/22/2005
573,8936562,ROUTE NOT FOUND,0.00,0.00,0.00,7/16/2005
574,8450467,NO ERROR,-87.34,36.52,13.03,12/13/2005
575,8183851,ROUTE NOT FOUND,0.00,0.00,0.00,3/15/2004
576,8839764,NO ERROR,-86.66,36.05,14.89,5/26/2004
577,8822039,ROUTE NOT FOUND,0.00,0.00,0.00,7/4/2005
578,8576836,NO ERROR,-83.27,36.25,8.83,5/29/2004
579,9605365,ROUTE NOT FOUND,0.00,0.00,0.00,5/6/2005
580,7922784,NO ERROR,-90.04,35.17,14.16,10/10/2005
581,50076356,NO ERROR,-89.64,35.56,0.39,6/9/2004
582,9584693,ROUTE NOT FOUND,0.00,0.00,0.00,9/22/2004
583,8940657,NO ERROR,-84.07,35.94,3.46,9/18/2005
584,8482590,ROUTE NOT FOUND,0.00,0.00,0.00,6/12/2005
585,8180700,NO ERROR,-86.75,36.13,10.57,8/20/2004
586,8878460,ROUTE NOT FOUND,0.00,0.00,0.00,11/5/2005
587,8612212,NO ERROR,-83.98,36.00,5.72,3/2/2004
588,9615687,ROUTE NOT FOUND,0.00,0.00,0.00,8/23/2005
589,8036408,NO ERROR,-82.22,36.59,23.65,4/15/2005
590,9637282,ROUTE NOT FOUND,0.00,0.00,0.00,11/23/2004
591,8812008,ROUTE NOT FOUND,0.00,0.00,0.00,5/12/2004
592,8543456,ROUTE NOT FOUND,0.00,0.00,0.00,8/15/2005
593,8668357,NO ERROR,-86.79,35.45,11.52,7/9/2004
594,9580070,NO ERROR,-89.92,35.21,0.12,9/6/2005
595,8472636,ROUTE NOT FOUND,0.00,0.00,0.00,7/27/2004
596,9814671,ROUTE NOT FOUND,0.00,0.00,0.00,4/14/2005
597,8347802,NO ERROR,-90.03,35.04,2.81,10/8/2004
598,9090484,NO ERROR,-89.95,35.08,7.00,11/7/2005
599,8301994,NO ERROR,-82.35,36.31,9.90,9/5/2004
600,8898288,NO ERROR,-89.84,35.10,9.99,6/29/2005
601,9705248,ROUTE NOT FOUND,0.00,0.00,0.00,12/29/2005
602,8926156,NO ERROR,-85.50,36.19,5.86,11/3/2005
603,8349699,NO ERROR,-85.22,34.99,1.68,4/22/2005
604,8179899,NO ERROR,-86.71,36.13,21.93,9/7/2004
605,8837052,ROUTE NOT FOUND,0.00,0.00,0.00,7/25/2004
606,8742440,NO ERROR,-82.38,36.34,18.86,9/2/2005
607,8563849,NO ERROR,-89.91,35.21,0.55,6/8/2004
608,7703134,NO ERROR,-82.35,36.33,0.53,5/5/2005
609,8472367,NO ERROR,-90.00,35.13,1.42,4/7/2004
610,9698851,ROUTE NOT FOUND,0.00,0.00,0.00,10/17/2004
611,9577687,ROUTE NOT FOUND,0.00,0.00,0.00,10/30/2004
612,8645169,NO ERROR,-87.20,36.57,5.02,8/3/2004
613,9288229,NO ERROR,-86.80,36.21,1.59,12/25/2005
614,9752160,ROUTE NOT FOUND,0.00,0.00,0.00,9/28/2005
615,9059183,ROUTE NOT FOUND,0.00,0.00,0.00,10/19/2005
616,8794398,NO ERROR,-88.32,36.30,12.59,3/19/2004
617,8651575,NO ERROR,-85.29,35.02,5.76,11/8/2004
618,9575474,NO ERROR,-86.40,35.82,11.75,2/10/2005
619,8471807,ROUTE NOT FOUND,0.00,0.00,0.00,4/20/2004
620,9766730,NO ERROR,-89.97,35.10,8.73,9/30/2005
621,8326309,ROUTE NOT FOUND,0.00,0.00,0.00,9/21/2004
622,9069407,ROUTE NOT FOUND,0.00,0.00,0.00,9/10/2005
623,8281854,NO ERROR,-86.29,36.19,13.20,7/22/2004
624,8894265,ROUTE NOT FOUND,0.00,0.00,0.00,9/17/2005
625,9693246,ROUTE NOT FOUND,0.00,0.00,0.00,1/19/2005
626,8288342,ROUTE NOT FOUND,0.00,0.00,0.00,8/10/2005
627,8179387,ROUTE NOT FOUND,0.00,0.00,0.00,10/11/2004
628,8833208,ROUTE NOT FOUND,0.00,0.00,0.00,4/26/2004
629,8655978,NO ERROR,-86.85,36.12,12.60,4/18/2005
630,8774824,ROUTE NOT FOUND,0.00,0.00,0.00,1/22/2004
631,8559212,ROUTE NOT FOUND,0.00,0.00,0.00,8/11/2004
632,8471654,ROUTE NOT FOUND,0.00,0.00,0.00,3/22/2004
633,9673905,NO ERROR,-89.89,35.11,6.74,7/10/2004
634,9576256,NO ERROR,-86.38,35.90,17.13,9/14/2004
635,8639178,NO ERROR,-90.02,35.12,8.38,7/2/2004
636,9170085,ROUTE NOT FOUND,0.00,0.00,0.00,4/20/2005
637,9744239,NO ERROR,-84.23,36.13,9.73,5/1/2005
638,9035002,NO ERROR,-85.26,35.03,11.43,8/27/2005
639,8263320,ROUTE NOT FOUND,0.00,0.00,0.00,4/8/2004
640,8888429,ROUTE NOT FOUND,0.00,0.00,0.00,7/4/2005
641,9645958,ROUTE NOT FOUND,0.00,0.00,0.00,8/24/2005
642,8157818,ROUTE NOT FOUND,0.00,0.00,0.00,8/1/2005
643,8177996,ROUTE NOT FOUND,0.00,0.00,0.00,1/28/2004
644,8824731,NO ERROR,-89.95,35.08,7.07,12/28/2004
645,8630371,ROUTE NOT FOUND,0.00,0.00,0.00,6/13/2005
646,8697652,NO ERROR,-83.51,35.71,15.79,7/19/2004
647,8545732,ROUTE NOT FOUND,0.00,0.00,0.00,7/16/2004
648,8265495,ROUTE NOT FOUND,0.00,0.00,0.00,5/15/2004
649,8891277,ROUTE NOT FOUND,0.00,0.00,0.00,10/6/2005
650,9667579,NO ERROR,-89.17,35.85,3.64,5/4/2005
651,8235922,ROUTE NOT FOUND,0.00,0.00,0.00,5/25/2005
652,8175287,NO ERROR,-85.31,35.05,9.06,9/1/2004
653,8825908,ROUTE NOT FOUND,0.00,0.00,0.00,8/9/2004
654,8642142,ROUTE NOT FOUND,0.00,0.00,0.00,5/21/2005
655,8716321,ROUTE NOT FOUND,0.00,0.00,0.00,5/15/2004
656,8554274,NO ERROR,-82.54,36.54,8.42,6/21/2004
657,8471637,ROUTE NOT FOUND,0.00,0.00,0.00,4/16/2004
658,9143065,NO ERROR,-89.99,35.11,9.88,8/11/2004
659,9154832,ROUTE NOT FOUND,0.00,0.00,0.00,6/14/2005
660,8910127,NO ERROR,-86.58,36.22,0.47,4/17/2005
661,9740345,NO ERROR,-86.87,35.92,10.64,8/25/2005
662,7711012,ROUTE NOT FOUND,0.00,0.00,0.00,5/5/2006
663,8991344,ROUTE NOT FOUND,0.00,0.00,0.00,11/16/2005
664,8495526,ROUTE NOT FOUND,0.00,0.00,0.00,8/10/2005
665,8247871,ROUTE NOT FOUND,0.00,0.00,0.00,10/2/2004
666,8884937,ROUTE NOT FOUND,0.00,0.00,0.00,8/21/2005
667,8626064,ROUTE NOT FOUND,0.00,0.00,0.00,4/15/2004
668,9626278,ROUTE NOT FOUND,0.00,0.00,0.00,4/22/2005
669,8086193,NO ERROR,-88.38,35.23,25.66,10/3/2005
670,8099765,ROUTE NOT FOUND,0.00,0.00,0.00,8/17/2005
671,9639145,ROUTE NOT FOUND,0.00,0.00,0.00,11/11/2004
672,8174130,ROUTE NOT FOUND,0.00,0.00,0.00,4/6/2004
673,8819329,NO ERROR,-89.25,35.54,10.30,9/9/2004
674,8551195,ROUTE NOT FOUND,0.00,0.00,0.00,11/2/2005
675,8673725,ROUTE NOT FOUND,0.00,0.00,0.00,4/15/2004
676,8538296,NO ERROR,-85.19,35.03,16.36,6/13/2004
677,9592759,ROUTE NOT FOUND,0.00,0.00,0.00,5/6/2005
678,8470692,ROUTE NOT FOUND,0.00,0.00,0.00,6/8/2004
679,9828808,NO ERROR,-86.79,36.16,11.83,4/18/2005
680,8361912,ROUTE NOT FOUND,0.00,0.00,0.00,4/19/2004
681,9101728,ROUTE NOT FOUND,0.00,0.00,0.00,5/19/2005
682,8308865,NO ERROR,-83.57,35.83,26.17,7/23/2004
683,8470490,ROUTE NOT FOUND,0.00,0.00,0.00,11/3/2004
684,9838663,NO ERROR,-86.66,36.26,10.70,5/24/2005
685,8843507,NO ERROR,-86.81,36.11,5.34,6/14/2004
686,8393106,ROUTE NOT FOUND,0.00,0.00,0.00,9/27/2004
687,9132383,NO ERROR,-86.85,36.15,8.67,6/23/2005
688,8905185,ROUTE NOT FOUND,0.00,0.00,0.00,7/9/2005
689,9732996,ROUTE NOT FOUND,0.00,0.00,0.00,6/23/2005
690,50009867,ROUTE NOT FOUND,0.00,0.00,0.00,11/7/2005
691,8938945,ROUTE NOT FOUND,0.00,0.00,0.00,6/13/2005
692,8477122,NO ERROR,-83.58,35.81,24.82,7/27/2005
693,8173621,ROUTE NOT FOUND,0.00,0.00,0.00,7/30/2004
694,8842029,NO ERROR,-86.66,36.17,19.63,9/2/2004
695,8875976,NO ERROR,-82.18,36.53,4.90,9/2/2005
696,8582547,ROUTE NOT FOUND,0.00,0.00,0.00,9/4/2004
697,9615444,ROUTE NOT FOUND,0.00,0.00,0.00,7/5/2005
698,7944762,ROUTE NOT FOUND,0.00,0.00,0.00,4/10/2005
699,7521041,ROUTE NOT FOUND,0.00,0.00,0.00,6/13/2005
700,9593727,ROUTE NOT FOUND,0.00,0.00,0.00,11/9/2004
701,8811090,ROUTE NOT FOUND,0.00,0.00,0.00,9/27/2004
702,8527794,NO ERROR,-84.81,35.88,29.65,4/9/2005
703,8662845,ROUTE NOT FOUND,0.00,0.00,0.00,9/13/2004
704,9578150,ROUTE NOT FOUND,0.00,0.00,0.00,8/5/2005
705,8467444,NO ERROR,-89.96,35.15,7.80,6/10/2004
706,9810510,ROUTE NOT FOUND,0.00,0.00,0.00,3/29/2005
707,8332709,ROUTE NOT FOUND,0.00,0.00,0.00,6/6/2004
708,9071146,ROUTE NOT FOUND,0.00,0.00,0.00,10/25/2005
709,8300734,ROUTE NOT FOUND,0.00,0.00,0.00,10/25/2004
710,8897194,ROUTE NOT FOUND,0.00,0.00,0.00,6/27/2005
711,9701662,ROUTE NOT FOUND,0.00,0.00,0.00,3/11/2005
712,8924071,ROUTE NOT FOUND,0.00,0.00,0.00,11/7/2005
713,8342795,NO ERROR,-89.23,35.89,2.84,5/22/2005
714,8173133,ROUTE NOT FOUND,0.00,0.00,0.00,8/10/2004
715,8836332,ROUTE NOT FOUND,0.00,0.00,0.00,7/9/2004
716,8723483,NO ERROR,-85.50,36.16,4.20,11/12/2005
717,8559635,NO ERROR,-82.54,36.54,8.42,4/28/2004
718,8899720,ROUTE NOT FOUND,0.00,0.00,0.00,6/8/2005
719,9708773,ROUTE NOT FOUND,0.00,0.00,0.00,9/6/2005
720,8936240,ROUTE NOT FOUND,0.00,0.00,0.00,6/23/2005
721,8433443,NO ERROR,-85.44,35.19,21.80,5/7/2005
722,8173094,ROUTE NOT FOUND,0.00,0.00,0.00,5/22/2004
723,8838514,ROUTE NOT FOUND,0.00,0.00,0.00,10/2/2004
724,8779374,ROUTE NOT FOUND,0.00,0.00,0.00,3/25/2005
725,8566959,ROUTE NOT FOUND,0.00,0.00,0.00,2/29/2004
726,9602590,ROUTE NOT FOUND,0.00,0.00,0.00,10/29/2005
727,7807904,ROUTE NOT FOUND,0.00,0.00,0.00,11/11/2005
728,8466586,NO ERROR,-89.90,35.11,6.51,4/6/2004
729,9766099,ROUTE NOT FOUND,0.00,0.00,0.00,11/26/2004
730,9584502,NO ERROR,-89.99,35.16,15.05,12/17/2004
731,8649352,NO ERROR,-85.28,35.03,2.60,7/8/2004
732,9456675,NO ERROR,-86.40,35.85,13.36,12/13/2005
733,8466428,ROUTE NOT FOUND,0.00,0.00,0.00,4/3/2004
734,9764468,ROUTE NOT FOUND,0.00,0.00,0.00,12/2/2005
735,8321023,NO ERROR,-86.84,36.13,13.82,11/5/2004
736,9067283,NO ERROR,-86.70,36.29,20.35,11/29/2005
737,8268897,ROUTE NOT FOUND,0.00,0.00,0.00,3/11/2004
738,8893385,NO ERROR,-90.05,35.14,11.48,6/18/2005
739,9689290,ROUTE NOT FOUND,0.00,0.00,0.00,3/5/2005
740,8265795,ROUTE NOT FOUND,0.00,0.00,0.00,1/2/2005
741,8172791,ROUTE NOT FOUND,0.00,0.00,0.00,7/20/2004
742,8518628,NO ERROR,-86.60,36.18,17.43,4/28/2004
743,8830064,ROUTE NOT FOUND,0.00,0.00,0.00,10/26/2004
744,8653257,ROUTE NOT FOUND,0.00,0.00,0.00,5/9/2005
745,8735876,ROUTE NOT FOUND,0.00,0.00,0.00,4/4/2004
746,8556677,ROUTE NOT FOUND,0.00,0.00,0.00,9/15/2004
747,8466278,ROUTE NOT FOUND,0.00,0.00,0.00,3/28/2004
748,9645382,ROUTE NOT FOUND,0.00,0.00,0.00,12/8/2004
749,9159437,ROUTE NOT FOUND,0.00,0.00,0.00,12/21/2004
750,9164401,NO ERROR,-84.12,36.12,16.69,9/23/2005
751,7632393,ROUTE NOT FOUND,0.00,0.00,0.00,1/20/2005
752,8466215,NO ERROR,-90.02,35.15,4.71,4/16/2004
753,9677452,ROUTE NOT FOUND,0.00,0.00,0.00,7/19/2004
754,9576537,NO ERROR,-86.36,35.87,13.52,9/8/2004
755,8641276,ROUTE NOT FOUND,0.00,0.00,0.00,6/6/2004
756,9269867,NO ERROR,-85.39,35.01,2.08,12/27/2005
757,9750745,NO ERROR,-82.58,36.56,1.75,4/5/2005
758,9051251,ROUTE NOT FOUND,0.00,0.00,0.00,11/13/2005
759,8265454,ROUTE NOT FOUND,0.00,0.00,0.00,5/2/2004
760,8889078,NO ERROR,-89.92,35.15,10.42,7/29/2005
761,9657959,ROUTE NOT FOUND,0.00,0.00,0.00,8/24/2005
762,8215011,ROUTE NOT FOUND,0.00,0.00,0.00,10/24/2005
763,8171956,NO ERROR,-85.26,35.05,4.32,3/29/2004
764,8514771,NO ERROR,-85.22,34.99,2.16,4/16/2004
765,8825285,ROUTE NOT FOUND,0.00,0.00,0.00,11/6/2004
766,8635043,NO ERROR,-86.50,35.96,10.23,5/24/2005
767,8703243,ROUTE NOT FOUND,0.00,0.00,0.00,5/11/2004
768,8551711,ROUTE NOT FOUND,0.00,0.00,0.00,7/15/2004
769,8466132,ROUTE NOT FOUND,0.00,0.00,0.00,4/3/2004
770,9842800,NO ERROR,-86.63,36.19,22.20,8/9/2005
771,8853264,NO ERROR,-89.60,35.15,2.20,2/29/2004
772,9138672,NO ERROR,-89.95,35.13,4.12,8/8/2005
773,8906439,NO ERROR,-88.91,35.82,1.45,8/12/2005
774,9734980,NO ERROR,-83.92,36.00,8.90,9/16/2005
775,7325458,NO ERROR,-83.76,35.68,28.58,5/27/2006
776,8988455,ROUTE NOT FOUND,0.00,0.00,0.00,7/27/2005
777,8483852,ROUTE NOT FOUND,0.00,0.00,0.00,5/13/2005
778,8171743,ROUTE NOT FOUND,0.00,0.00,0.00,4/24/2004
779,8881361,NO ERROR,-82.33,36.35,2.74,12/13/2005
780,8624727,ROUTE NOT FOUND,0.00,0.00,0.00,10/12/2004
781,9621665,ROUTE NOT FOUND,0.00,0.00,0.00,10/1/2005
782,8055229,ROUTE NOT FOUND,0.00,0.00,0.00,2/6/2005
783,9742073,NO ERROR,-83.92,35.99,8.31,6/7/2005
784,9032133,ROUTE NOT FOUND,0.00,0.00,0.00,7/1/2005
785,8506900,ROUTE NOT FOUND,0.00,0.00,0.00,5/27/2005
786,8260087,ROUTE NOT FOUND,0.00,0.00,0.00,3/2/2004
787,8887951,NO ERROR,-90.02,35.13,9.30,9/23/2005
788,9632454,ROUTE NOT FOUND,0.00,0.00,0.00,7/1/2005
789,8099167,NO ERROR,-89.96,35.15,7.80,9/27/2005
790,8130002,ROUTE NOT FOUND,0.00,0.00,0.00,5/17/2005
791,9639382,NO ERROR,-86.37,35.84,18.32,11/8/2004
792,8171212,ROUTE NOT FOUND,0.00,0.00,0.00,5/21/2004
793,8823549,NO ERROR,-88.92,35.83,3.46,6/14/2004
794,8578451,ROUTE NOT FOUND,0.00,0.00,0.00,6/2/2005
795,8680114,ROUTE NOT FOUND,0.00,0.00,0.00,1/4/2004
796,8544629,ROUTE NOT FOUND,0.00,0.00,0.00,2/26/2004
797,8462864,NO ERROR,-86.70,36.32,21.43,9/5/2004
798,9830945,ROUTE NOT FOUND,0.00,0.00,0.00,8/10/2005
799,8843082,ROUTE NOT FOUND,0.00,0.00,0.00,8/29/2004
800,8392501,NO ERROR,-86.62,36.32,1.31,8/6/2004
801,9131802,ROUTE NOT FOUND,0.00,0.00,0.00,8/25/2005
802,8904398,NO ERROR,-87.35,36.53,13.56,8/22/2005
803,9723507,ROUTE NOT FOUND,0.00,0.00,0.00,4/9/2005
804,50005868,NO ERROR,-84.20,36.00,0.30,8/17/2005
805,8937215,ROUTE NOT FOUND,0.00,0.00,0.00,8/6/2005
806,8453796,ROUTE NOT FOUND,0.00,0.00,0.00,7/20/2005
807,8168948,NO ERROR,-86.80,36.15,16.69,8/3/2004
808,8840251,ROUTE NOT FOUND,0.00,0.00,0.00,5/13/2004
809,8823901,ROUTE NOT FOUND,0.00,0.00,0.00,7/14/2005
810,8576838,ROUTE NOT FOUND,0.00,0.00,0.00,5/31/2004
811,9610010,ROUTE NOT FOUND,0.00,0.00,0.00,3/21/2005
812,7936320,NO ERROR,-83.56,35.80,23.30,8/2/2005
813,7345993,NO ERROR,-82.25,36.20,2.88,5/20/2005
814,9584763,ROUTE NOT FOUND,0.00,0.00,0.00,9/13/2004
815,8802776,ROUTE NOT FOUND,0.00,0.00,0.00,1/3/2004
816,8653818,ROUTE NOT FOUND,0.00,0.00,0.00,5/25/2004
817,9577132,ROUTE NOT FOUND,0.00,0.00,0.00,12/29/2005
818,8452847,ROUTE NOT FOUND,0.00,0.00,0.00,3/20/2004
819,9766778,ROUTE NOT FOUND,0.00,0.00,0.00,4/23/2005
820,9638862,NO ERROR,-86.40,35.82,11.43,12/6/2004
821,8814871,ROUTE NOT FOUND,0.00,0.00,0.00,10/10/2004
822,8546647,ROUTE NOT FOUND,0.00,0.00,0.00,5/31/2005
823,8672971,ROUTE NOT FOUND,0.00,0.00,0.00,4/15/2004
824,9580425,NO ERROR,-89.96,35.15,7.81,9/5/2005
825,8445234,ROUTE NOT FOUND,0.00,0.00,0.00,10/2/2004
826,9828516,NO ERROR,-86.81,36.15,16.01,4/14/2005
827,8360277,ROUTE NOT FOUND,0.00,0.00,0.00,4/2/2004
828,9100680,ROUTE NOT FOUND,0.00,0.00,0.00,6/6/2005
829,8302855,ROUTE NOT FOUND,0.00,0.00,0.00,5/17/2004
830,8898328,ROUTE NOT FOUND,0.00,0.00,0.00,5/30/2005
831,9705892,ROUTE NOT FOUND,0.00,0.00,0.00,5/21/2005
832,8929822,ROUTE NOT FOUND,0.00,0.00,0.00,12/30/2005
833,8393817,NO ERROR,-84.02,35.78,5.70,9/24/2005
834,8168926,ROUTE NOT FOUND,0.00,0.00,0.00,7/23/2004
835,8837265,NO ERROR,-86.87,36.10,11.04,8/17/2004
836,8777939,ROUTE NOT FOUND,0.00,0.00,0.00,2/24/2005
837,8564060,NO ERROR,-89.90,35.19,1.78,2/18/2004
838,7705882,ROUTE NOT FOUND,0.00,0.00,0.00,5/6/2005
839,8442381,ROUTE NOT FOUND,0.00,0.00,0.00,7/25/2004
840,9708130,NO ERROR,-89.92,35.02,10.81,12/6/2004
841,9580113,ROUTE NOT FOUND,0.00,0.00,0.00,12/2/2004
842,8646314,ROUTE NOT FOUND,0.00,0.00,0.00,9/17/2004
843,9292836,ROUTE NOT FOUND,0.00,0.00,0.00,12/2/2005
844,8438409,ROUTE NOT FOUND,0.00,0.00,0.00,6/9/2004
845,9753883,NO ERROR,-84.12,36.38,24.27,8/20/2005
846,9059666,ROUTE NOT FOUND,0.00,0.00,0.00,12/29/2005
847,8266933,ROUTE NOT FOUND,0.00,0.00,0.00,1/21/2004
848,8891520,ROUTE NOT FOUND,0.00,0.00,0.00,11/27/2005
849,9688864,NO ERROR,-90.03,35.22,17.23,7/31/2005
850,8328467,ROUTE NOT FOUND,0.00,0.00,0.00,7/7/2004
851,9069453,NO ERROR,-86.71,36.26,18.59,7/28/2005
852,8288096,ROUTE NOT FOUND,0.00,0.00,0.00,3/16/2004
853,8894841,ROUTE NOT FOUND,0.00,0.00,0.00,7/23/2005
854,9696070,NO ERROR,-86.30,36.21,16.77,3/29/2005
855,8922387,ROUTE NOT FOUND,0.00,0.00,0.00,5/3/2005
856,8304572,ROUTE NOT FOUND,0.00,0.00,0.00,2/7/2005
857,8168884,NO ERROR,-86.80,36.13,6.90,10/8/2004
858,8834298,ROUTE NOT FOUND,0.00,0.00,0.00,3/6/2004
859,8678086,NO ERROR,-84.00,35.93,13.93,5/20/2005
860,8779270,NO ERROR,-89.81,35.10,3.61,10/3/2004
861,8559220,NO ERROR,-82.50,36.55,6.46,10/20/2004
862,7546052,NO ERROR,-86.42,35.66,0.76,7/21/2005
863,8437067,ROUTE NOT FOUND,0.00,0.00,0.00,10/19/2004
864,9677176,NO ERROR,-90.06,35.08,7.46,10/11/2004
865,9576318,ROUTE NOT FOUND,0.00,0.00,0.00,11/23/2004
866,8639199,ROUTE NOT FOUND,0.00,0.00,0.00,7/26/2004
867,9170232,NO ERROR,-83.33,36.20,6.42,7/28/2005
868,9747036,NO ERROR,-84.02,35.75,9.22,9/24/2005
869,9040330,NO ERROR,-87.35,36.53,13.78,6/27/2005
870,8263369,ROUTE NOT FOUND,0.00,0.00,0.00,3/24/2004
871,8888665,NO ERROR,-89.97,35.09,8.25,7/14/2005
872,9647642,NO ERROR,-85.29,35.00,6.79,1/22/2005
873,8185102,ROUTE NOT FOUND,0.00,0.00,0.00,11/12/2005
874,8168181,ROUTE NOT FOUND,0.00,0.00,0.00,5/19/2004
875,8825091,NO ERROR,-90.06,35.10,8.65,8/4/2004
876,8632210,ROUTE NOT FOUND,0.00,0.00,0.00,4/21/2005
877,8700168,NO ERROR,-83.51,35.71,15.49,7/20/2004
878,8548672,ROUTE NOT FOUND,0.00,0.00,0.00,5/30/2004
879,8429942,ROUTE NOT FOUND,0.00,0.00,0.00,4/15/2004
880,9840573,NO ERROR,-86.73,36.08,7.30,6/29/2005
881,8843565,ROUTE NOT FOUND,0.00,0.00,0.00,12/31/2004
882,8253293,ROUTE NOT FOUND,0.00,0.00,0.00,9/19/2005
883,8168123,ROUTE NOT FOUND,0.00,0.00,0.00,5/13/2004
884,8828448,ROUTE NOT FOUND,0.00,0.00,0.00,9/29/2004
885,8651396,NO ERROR,-85.16,35.02,2.61,2/4/2005
886,8717875,ROUTE NOT FOUND,0.00,0.00,0.00,8/2/2004
887,8554935,ROUTE NOT FOUND,0.00,0.00,0.00,9/30/2004
888,8425036,NO ERROR,-83.55,35.79,22.35,7/11/2004
889,9149673,NO ERROR,-83.93,36.02,10.97,10/29/2004
890,9161301,ROUTE NOT FOUND,0.00,0.00,0.00,2/6/2005
891,8921207,NO ERROR,-86.39,35.86,13.77,4/20/2005
892,9740901,NO ERROR,-86.88,35.96,17.02,6/17/2005
893,9009186,ROUTE NOT FOUND,0.00,0.00,0.00,9/29/2005
894,8496462,NO ERROR,-83.91,35.93,5.07,1/3/2005
895,8249976,ROUTE NOT FOUND,0.00,0.00,0.00,3/27/2004
896,8885632,ROUTE NOT FOUND,0.00,0.00,0.00,9/18/2005
897,8630651,NO ERROR,-83.92,35.99,8.37,10/27/2004
898,9628201,NO ERROR,-84.87,35.18,10.74,2/16/2005
899,8093274,NO ERROR,-90.06,35.10,9.19,6/3/2005
900,8115169,NO ERROR,-83.93,36.04,11.81,2/23/2005
901,9639214,ROUTE NOT FOUND,0.00,0.00,0.00,11/15/2004
902,8167743,ROUTE NOT FOUND,0.00,0.00,0.00,8/14/2004
903,8821721,NO ERROR,-90.05,35.14,11.41,7/20/2004
904,8562689,NO ERROR,-90.04,35.16,14.73,6/26/2005
905,8675314,ROUTE NOT FOUND,0.00,0.00,0.00,7/18/2004
906,8538636,ROUTE NOT FOUND,0.00,0.00,0.00,2/14/2004
907,9592773,NO ERROR,-86.77,36.17,14.98,6/9/2005
908,8424960,NO ERROR,-83.58,35.82,24.90,7/26/2004
909,9830340,NO ERROR,-85.25,35.18,12.48,5/28/2005
910,8842735,ROUTE NOT FOUND,0.00,0.00,0.00,11/6/2004
911,8371022,ROUTE NOT FOUND,0.00,0.00,0.00,5/4/2004
912,9112479,NO ERROR,-88.24,35.21,11.44,5/24/2005
913,8317424,ROUTE NOT FOUND,0.00,0.00,0.00,9/17/2004
914,8901884,ROUTE NOT FOUND,0.00,0.00,0.00,9/14/2005
915,9720391,ROUTE NOT FOUND,0.00,0.00,0.00,2/5/2005
916,8936501,ROUTE NOT FOUND,0.00,0.00,0.00,7/14/2005
917,8433444,NO ERROR,-85.57,35.03,19.57,5/7/2005
918,8166815,ROUTE NOT FOUND,0.00,0.00,0.00,5/27/2004
919,9132386,NO ERROR,-86.85,36.15,8.58,6/27/2005
920,8905488,NO ERROR,-87.38,36.55,16.10,7/18/2005
921,9734201,NO ERROR,-83.99,35.96,8.22,10/11/2005
922,50012557,ROUTE NOT FOUND,0.00,0.00,0.00,10/2/2005
923,8940247,NO ERROR,-83.92,35.96,18.70,11/8/2005
924,8480845,NO ERROR,-86.84,36.13,13.41,4/25/2005
925,8163834,ROUTE NOT FOUND,0.00,0.00,0.00,6/7/2004
926,8878336,ROUTE NOT FOUND,0.00,0.00,0.00,7/30/2005
927,8592876,ROUTE NOT FOUND,0.00,0.00,0.00,2/9/2004
928,9615679,ROUTE NOT FOUND,0.00,0.00,0.00,8/13/2005
929,7963890,ROUTE NOT FOUND,0.00,0.00,0.00,12/4/2005
930,9606828,ROUTE NOT FOUND,0.00,0.00,0.00,11/2/2004
931,8811779,ROUTE NOT FOUND,0.00,0.00,0.00,6/3/2004
932,8542765,ROUTE NOT FOUND,0.00,0.00,0.00,8/23/2005
933,8664139,ROUTE NOT FOUND,0.00,0.00,0.00,11/7/2004
934,9579980,ROUTE NOT FOUND,0.00,0.00,0.00,7/22/2005
935,8424272,NO ERROR,-83.56,35.80,23.16,7/23/2004
936,9811582,NO ERROR,-89.93,35.15,9.71,2/14/2005
937,8345792,ROUTE NOT FOUND,0.00,0.00,0.00,8/5/2004
938,9071606,ROUTE NOT FOUND,0.00,0.00,0.00,11/15/2005
939,8301590,ROUTE NOT FOUND,0.00,0.00,0.00,6/6/2004
940,8897204,ROUTE NOT FOUND,0.00,0.00,0.00,6/13/2005
941,9705164,ROUTE NOT FOUND,0.00,0.00,0.00,10/6/2005
942,8924780,ROUTE NOT FOUND,0.00,0.00,0.00,9/30/2005
943,8342842,ROUTE NOT FOUND,0.00,0.00,0.00,8/9/2005
944,8163431,ROUTE NOT FOUND,0.00,0.00,0.00,4/20/2004
945,8836636,ROUTE NOT FOUND,0.00,0.00,0.00,8/21/2004
946,8723779,ROUTE NOT FOUND,0.00,0.00,0.00,4/28/2005
947,8559863,ROUTE NOT FOUND,0.00,0.00,0.00,11/6/2004
948,7652931,ROUTE NOT FOUND,0.00,0.00,0.00,1/20/2005
949,8412635,ROUTE NOT FOUND,0.00,0.00,0.00,7/27/2004
950,9682216,NO ERROR,-86.35,35.79,3.97,8/23/2004
951,9577276,NO ERROR,-90.00,35.13,1.42,10/25/2004
952,8642886,ROUTE NOT FOUND,0.00,0.00,0.00,8/17/2004
953,9284981,ROUTE NOT FOUND,0.00,0.00,0.00,12/19/2005
954,8838733,ROUTE NOT FOUND,0.00,0.00,0.00,6/20/2004
955,8786384,NO ERROR,-82.58,36.29,5.01,12/19/2005
956,8567363,ROUTE NOT FOUND,0.00,0.00,0.00,3/23/2004
957,9604143,ROUTE NOT FOUND,0.00,0.00,0.00,7/26/2005
958,7908694,ROUTE NOT FOUND,0.00,0.00,0.00,9/13/2005
959,8408538,NO ERROR,-86.17,35.38,5.34,7/15/2004
960,9885973,ROUTE NOT FOUND,0.00,0.00,0.00,12/16/2004
961,9584612,ROUTE NOT FOUND,0.00,0.00,0.00,9/21/2004
962,8651182,ROUTE NOT FOUND,0.00,0.00,0.00,7/17/2004
963,9573811,NO ERROR,-85.33,34.99,0.43,4/27/2005
964,8408460,ROUTE NOT FOUND,0.00,0.00,0.00,11/4/2004
965,9766561,ROUTE NOT FOUND,0.00,0.00,0.00,4/22/2005
966,8321562,ROUTE NOT FOUND,0.00,0.00,0.00,10/15/2004
967,9067392,ROUTE NOT FOUND,0.00,0.00,0.00,10/30/2005
968,8281801,ROUTE NOT FOUND,0.00,0.00,0.00,4/28/2004
969,8893851,ROUTE NOT FOUND,0.00,0.00,0.00,5/11/2005
970,9692509,ROUTE NOT FOUND,0.00,0.00,0.00,4/5/2005
971,8265798,ROUTE NOT FOUND,0.00,0.00,0.00,2/17/2005
972,8163280,ROUTE NOT FOUND,0.00,0.00,0.00,3/13/2004
973,8509895,NO ERROR,-90.05,35.15,12.31,4/20/2004
974,8832010,ROUTE NOT FOUND,0.00,0.00,0.00,8/30/2004
975,8655108,NO ERROR,-90.10,35.01,2.18,9/22/2005
976,8739551,NO ERROR,-83.30,36.50,5.79,3/4/2004
977,8557082,ROUTE NOT FOUND,0.00,0.00,0.00,8/14/2004
978,8404848,NO ERROR,-89.41,35.37,6.10,6/14/2004
979,9661689,NO ERROR,-87.33,36.63,6.10,8/13/2004
980,9572159,ROUTE NOT FOUND,0.00,0.00,0.00,8/13/2004
981,8632076,NO ERROR,-83.91,35.93,5.07,9/9/2004
982,9167775,ROUTE NOT FOUND,0.00,0.00,0.00,3/10/2005
983,9742337,NO ERROR,-83.94,35.95,17.69,4/5/2005
984,9033878,ROUTE NOT FOUND,0.00,0.00,0.00,7/25/2005
985,8263010,ROUTE NOT FOUND,0.00,0.00,0.00,2/23/2004
986,8888132,ROUTE NOT FOUND,0.00,0.00,0.00,10/16/2005
987,9750797,ROUTE NOT FOUND,0.00,0.00,0.00,5/21/2005
988,9057831,ROUTE NOT FOUND,0.00,0.00,0.00,11/9/2005
989,8265455,ROUTE NOT FOUND,0.00,0.00,0.00,5/8/2004
990,8890889,ROUTE NOT FOUND,0.00,0.00,0.00,10/16/2005
991,9658270,ROUTE NOT FOUND,0.00,0.00,0.00,8/9/2005
992,8235369,NO ERROR,-84.07,35.94,3.07,5/12/2005
993,8163148,NO ERROR,-86.89,36.08,9.20,10/8/2004
994,8825617,NO ERROR,-89.80,35.13,5.69,6/9/2004
995,8635879,NO ERROR,-84.58,35.92,6.19,4/22/2005
996,8713507,ROUTE NOT FOUND,0.00,0.00,0.00,6/13/2004
997,8552179,ROUTE NOT FOUND,0.00,0.00,0.00,5/12/2004
998,8518782,NO ERROR,-86.85,36.15,8.67,2/28/2004
999,8404244,ROUTE NOT FOUND,0.00,0.00,0.00,9/21/2004
1000,8901905,ROUTE NOT FOUND,0.00,0.00,0.00,8/5/2004
1001,9153229,NO ERROR,-83.93,36.03,11.46,5/11/2005
1002,8909803,NO ERROR,-86.50,36.23,4.70,5/1/2005
1003,9738134,ROUTE NOT FOUND,0.00,0.00,0.00,10/5/2005
1004,7458424,ROUTE NOT FOUND,0.00,0.00,0.00,6/7/2006
1005,8988695,NO ERROR,-89.08,35.05,6.58,6/23/2005
1006,8486673,NO ERROR,-83.57,35.86,27.96,3/15/2005
1007,8884495,NO ERROR,-90.00,35.15,5.75,8/11/2005
1008,8625185,ROUTE NOT FOUND,0.00,0.00,0.00,7/27/2004
1009,9622352,ROUTE NOT FOUND,0.00,0.00,0.00,5/19/2005
1010,8065741,NO ERROR,-87.29,35.32,26.64,9/3/2005
1011,9639142,ROUTE NOT FOUND,0.00,0.00,0.00,11/9/2004
1012,8817207,NO ERROR,-86.46,36.39,14.43,4/24/2004
1013,8548236,NO ERROR,-83.91,35.95,6.23,10/5/2005
1014,8673097,NO ERROR,-83.92,35.95,6.57,4/30/2004
1015,8523896,NO ERROR,-86.78,36.12,6.11,9/4/2004
1016,9582524,NO ERROR,-89.91,35.34,27.88,1/29/2005
1017,9338920,ROUTE NOT FOUND,0.00,0.00,0.00,8/21/2007
1018,9867942,ROUTE NOT FOUND,0.00,0.00,0.00,6/13/2006
1019,9247906,ROUTE NOT FOUND,0.00,0.00,0.00,4/13/2006
1020,9523603,NO ERROR,-86.74,36.10,8.70,7/20/2006
1021,8080969,ROUTE NOT FOUND,0.00,0.00,0.00,7/5/2007
1022,9462582,ROUTE NOT FOUND,0.00,0.00,0.00,1/22/2006
1023,9269675,ROUTE NOT FOUND,0.00,0.00,0.00,7/21/2006
1024,9921142,ROUTE NOT FOUND,0.00,0.00,0.00,6/4/2007
1025,9549529,ROUTE NOT FOUND,0.00,0.00,0.00,3/25/2007
1026,9738110,ROUTE NOT FOUND,0.00,0.00,0.00,2/1/2006
1027,9244609,NO ERROR,-86.56,35.98,1.07,5/25/2006
1028,10309396,ROUTE NOT FOUND,0.00,0.00,0.00,9/23/2007
1029,8931485,ROUTE NOT FOUND,0.00,0.00,0.00,4/10/2006
1030,9789922,ROUTE NOT FOUND,0.00,0.00,0.00,7/19/2007
1031,9202775,ROUTE NOT FOUND,0.00,0.00,0.00,10/26/2007
1032,9384545,ROUTE NOT FOUND,0.00,0.00,0.00,7/1/2007
1033,8931431,NO ERROR,-88.32,36.30,12.59,6/4/2006
1034,9243788,ROUTE NOT FOUND,0.00,0.00,0.00,6/15/2006
1035,9711149,NO ERROR,-86.18,36.42,3.00,4/24/2006
1036,8964146,ROUTE NOT FOUND,0.00,0.00,0.00,10/6/2007
1037,9313364,ROUTE NOT FOUND,0.00,0.00,0.00,10/11/2006
1038,9306489,NO ERROR,-84.87,35.18,10.74,7/6/2007
1039,50046268,ROUTE NOT FOUND,0.00,0.00,0.00,10/28/2006
1040,50022483,ROUTE NOT FOUND,0.00,0.00,0.00,4/25/2006
1041,9846543,ROUTE NOT FOUND,0.00,0.00,0.00,10/11/2006
1042,9496723,ROUTE NOT FOUND,0.00,0.00,0.00,7/21/2006
1043,7519810,ROUTE NOT FOUND,0.00,0.00,0.00,8/2/2007
1044,9401751,ROUTE NOT FOUND,0.00,0.00,0.00,8/9/2006
1045,8921442,NO ERROR,-86.40,35.81,10.72,2/27/2006
1046,9905120,NO ERROR,-85.25,35.16,10.79,7/19/2007
1047,9528422,NO ERROR,-89.72,35.02,21.88,1/31/2007
1048,9236005,ROUTE NOT FOUND,0.00,0.00,0.00,1/27/2006
1049,10280949,ROUTE NOT FOUND,0.00,0.00,0.00,8/2/2007
1050,8918563,ROUTE NOT FOUND,0.00,0.00,0.00,4/14/2006
1051,9234863,ROUTE NOT FOUND,0.00,0.00,0.00,6/10/2006
1052,9758400,NO ERROR,-82.54,36.25,8.69,2/16/2007
1053,9121835,NO ERROR,-82.52,36.55,5.40,11/30/2007
1054,9359906,NO ERROR,-83.55,35.78,22.17,6/16/2007
1055,9911664,NO ERROR,-86.81,36.15,16.01,10/2/2007
1056,9543769,ROUTE NOT FOUND,0.00,0.00,0.00,7/11/2007
1057,9234672,ROUTE NOT FOUND,0.00,0.00,0.00,11/12/2006
1058,10294499,NO ERROR,-86.40,35.85,16.73,10/29/2007
1059,8915980,ROUTE NOT FOUND,0.00,0.00,0.00,10/4/2006
1060,9231345,ROUTE NOT FOUND,0.00,0.00,0.00,8/9/2006
1061,9774227,NO ERROR,-90.01,35.12,11.44,8/30/2007
1062,9197235,NO ERROR,-86.66,36.16,10.75,10/5/2007
1063,9362709,ROUTE NOT FOUND,0.00,0.00,0.00,8/23/2007
1064,8915506,ROUTE NOT FOUND,0.00,0.00,0.00,10/14/2006
1065,9231343,ROUTE NOT FOUND,0.00,0.00,0.00,2/14/2006
1066,9673526,ROUTE NOT FOUND,0.00,0.00,0.00,7/1/2006
1067,8898820,NO ERROR,-89.94,35.15,9.28,11/5/2007
1068,9302932,NO ERROR,-87.37,36.54,15.66,9/1/2006
1069,50034122,NO ERROR,-84.09,35.76,5.22,8/9/2006
1070,10141189,ROUTE NOT FOUND,0.00,0.00,0.00,6/10/2007
1071,50022456,ROUTE NOT FOUND,0.00,0.00,0.00,2/10/2006
1072,9815009,ROUTE NOT FOUND,0.00,0.00,0.00,8/23/2006
1073,9330480,NO ERROR,-83.55,35.79,22.28,6/12/2006
1074,8913313,ROUTE NOT FOUND,0.00,0.00,0.00,7/6/2006
1075,9873875,ROUTE NOT FOUND,0.00,0.00,0.00,3/20/2007
1076,9496917,ROUTE NOT FOUND,0.00,0.00,0.00,11/1/2007
1077,10257318,ROUTE NOT FOUND,0.00,0.00,0.00,9/10/2007
1078,8905042,NO ERROR,-87.32,36.58,7.89,6/13/2006
1079,9231283,NO ERROR,-85.24,35.02,13.11,5/24/2006
1080,10201345,ROUTE NOT FOUND,0.00,0.00,0.00,9/6/2007
1081,9588920,NO ERROR,-86.01,35.17,21.43,8/29/2007
1082,9099804,NO ERROR,-86.78,35.45,6.77,8/14/2007
1083,9355557,ROUTE NOT FOUND,0.00,0.00,0.00,10/10/2007
1084,9231122,ROUTE NOT FOUND,0.00,0.00,0.00,8/1/2006
1085,9575112,ROUTE NOT FOUND,0.00,0.00,0.00,2/24/2006
1086,8711581,ROUTE NOT FOUND,0.00,0.00,0.00,8/9/2007
1087,9488062,NO ERROR,-86.76,36.15,19.15,5/1/2006
1088,9288303,NO ERROR,-86.68,36.17,18.76,1/21/2006
1089,10007046,ROUTE NOT FOUND,0.00,0.00,0.00,8/29/2007
1090,8904848,NO ERROR,-87.35,36.54,20.22,4/10/2006
1091,9230596,ROUTE NOT FOUND,0.00,0.00,0.00,7/25/2006
1092,9629110,ROUTE NOT FOUND,0.00,0.00,0.00,6/11/2006
1093,8810267,ROUTE NOT FOUND,0.00,0.00,0.00,5/14/2007
1094,9494362,ROUTE NOT FOUND,0.00,0.00,0.00,8/21/2006
1095,9296481,ROUTE NOT FOUND,0.00,0.00,0.00,8/14/2006
1096,50022493,NO ERROR,-83.94,35.76,4.09,6/14/2006
1097,10131375,ROUTE NOT FOUND,0.00,0.00,0.00,10/18/2007
1098,50017430,ROUTE NOT FOUND,0.00,0.00,0.00,4/22/2006
1099,9795742,NO ERROR,-85.25,35.07,5.99,12/30/2006
1100,9319132,ROUTE NOT FOUND,0.00,0.00,0.00,7/28/2006
1101,8902416,NO ERROR,-90.03,35.02,1.59,5/27/2006
1102,9807006,NO ERROR,-86.74,36.11,1.84,9/11/2007
1103,9484473,ROUTE NOT FOUND,0.00,0.00,0.00,2/15/2007
1104,10213202,NO ERROR,-86.80,36.15,16.47,9/23/2007
1105,8893067,ROUTE NOT FOUND,0.00,0.00,0.00,6/7/2006
1106,9230234,NO ERROR,-85.07,35.09,20.64,6/1/2006
1107,10197404,ROUTE NOT FOUND,0.00,0.00,0.00,12/27/2007
1108,9558568,NO ERROR,-86.46,35.48,10.90,8/1/2007
1109,9035735,NO ERROR,-85.28,35.02,9.53,8/6/2007
1110,9349082,NO ERROR,-90.10,35.01,2.14,9/18/2007
1111,9229303,ROUTE NOT FOUND,0.00,0.00,0.00,8/21/2006
1112,9527142,ROUTE NOT FOUND,0.00,0.00,0.00,8/30/2006
1113,8302764,NO ERROR,-82.26,36.18,1.22,5/10/2007
1114,9475223,NO ERROR,-86.47,36.38,12.94,7/25/2006
1115,9283103,NO ERROR,-83.90,35.98,21.36,10/20/2006
1116,9998348,NO ERROR,-86.80,36.15,16.47,9/8/2007
1117,9552389,ROUTE NOT FOUND,0.00,0.00,0.00,4/29/2007
1118,9767371,ROUTE NOT FOUND,0.00,0.00,0.00,9/29/2006
1119,10314588,ROUTE NOT FOUND,0.00,0.00,0.00,9/21/2007
1120,8892582,ROUTE NOT FOUND,0.00,0.00,0.00,5/21/2006
1121,9792043,ROUTE NOT FOUND,0.00,0.00,0.00,5/12/2007
1122,9248056,NO ERROR,-89.96,35.09,7.99,2/6/2007
1123,9403934,NO ERROR,-88.39,36.02,2.13,8/8/2007
1124,9776726,ROUTE NOT FOUND,0.00,0.00,0.00,7/26/2006
1125,8891095,NO ERROR,-90.00,35.15,5.75,1/28/2006
1126,9801519,ROUTE NOT FOUND,0.00,0.00,0.00,6/9/2007
1127,9302000,ROUTE NOT FOUND,0.00,0.00,0.00,8/18/2007
1128,9459267,ROUTE NOT FOUND,0.00,0.00,0.00,4/12/2007
1129,10204950,ROUTE NOT FOUND,0.00,0.00,0.00,3/20/2007
1130,8886689,ROUTE NOT FOUND,0.00,0.00,0.00,9/14/2006
1131,9228858,ROUTE NOT FOUND,0.00,0.00,0.00,7/16/2006
1132,10196106,ROUTE NOT FOUND,0.00,0.00,0.00,9/27/2007
1133,8974262,ROUTE NOT FOUND,0.00,0.00,0.00,1/30/2007
1134,9315301,ROUTE NOT FOUND,0.00,0.00,0.00,4/11/2006
1135,9330798,NO ERROR,-83.55,35.79,22.35,6/1/2007
1136,7431196,ROUTE NOT FOUND,0.00,0.00,0.00,7/17/2007
1137,9861202,NO ERROR,-84.14,35.91,0.82,9/3/2006
1138,9228676,NO ERROR,-83.92,36.02,10.61,8/14/2006
1139,9521049,ROUTE NOT FOUND,0.00,0.00,0.00,8/20/2006
1140,8003859,ROUTE NOT FOUND,0.00,0.00,0.00,7/21/2007
1141,9461557,ROUTE NOT FOUND,0.00,0.00,0.00,9/24/2006
1142,9269369,ROUTE NOT FOUND,0.00,0.00,0.00,9/26/2006
1143,9257595,ROUTE NOT FOUND,0.00,0.00,0.00,4/29/2006
1144,9912798,ROUTE NOT FOUND,0.00,0.00,0.00,2/24/2007
1145,9548532,ROUTE NOT FOUND,0.00,0.00,0.00,1/11/2007
1146,9734433,ROUTE NOT FOUND,0.00,0.00,0.00,4/6/2006
1147,9228185,NO ERROR,-83.92,35.98,7.47,6/27/2006
1148,10306990,NO ERROR,-86.52,36.21,7.57,8/16/2007
1149,8879751,NO ERROR,-83.41,36.15,0.68,11/11/2006
1150,9227075,NO ERROR,-85.24,35.12,8.26,6/8/2006
1151,9779414,ROUTE NOT FOUND,0.00,0.00,0.00,1/9/2007
1152,9199301,ROUTE NOT FOUND,0.00,0.00,0.00,8/16/2007
1153,9372532,ROUTE NOT FOUND,0.00,0.00,0.00,4/16/2007
1154,8864335,ROUTE NOT FOUND,0.00,0.00,0.00,8/21/2006
1155,9226411,ROUTE NOT FOUND,0.00,0.00,0.00,3/16/2006
1156,9699865,ROUTE NOT FOUND,0.00,0.00,0.00,7/12/2006
1157,8962986,ROUTE NOT FOUND,0.00,0.00,0.00,5/27/2007
1158,9308654,NO ERROR,-86.71,36.26,18.10,6/3/2006
1159,9305942,ROUTE NOT FOUND,0.00,0.00,0.00,7/23/2007
1160,50044412,ROUTE NOT FOUND,0.00,0.00,0.00,10/9/2006
1161,50022473,ROUTE NOT FOUND,0.00,0.00,0.00,5/31/2006
1162,9827802,ROUTE NOT FOUND,0.00,0.00,0.00,3/1/2006
1163,8864291,ROUTE NOT FOUND,0.00,0.00,0.00,11/28/2006
1164,9226408,ROUTE NOT FOUND,0.00,0.00,0.00,3/6/2006
1165,10153871,ROUTE NOT FOUND,0.00,0.00,0.00,6/5/2007
1166,8969176,NO ERROR,-90.05,35.12,0.73,1/22/2007
1167,9314201,NO ERROR,-87.02,36.09,1.48,6/1/2006
1168,9322408,NO ERROR,-84.87,35.26,2.27,8/11/2007
1169,50054941,ROUTE NOT FOUND,0.00,0.00,0.00,9/11/2006
1170,9850499,ROUTE NOT FOUND,0.00,0.00,0.00,2/20/2006
1171,9500488,ROUTE NOT FOUND,0.00,0.00,0.00,5/9/2006
1172,7729964,ROUTE NOT FOUND,0.00,0.00,0.00,6/16/2007
1173,9402636,ROUTE NOT FOUND,0.00,0.00,0.00,8/15/2006
1174,8821600,ROUTE NOT FOUND,0.00,0.00,0.00,8/29/2006
1175,9905990,NO ERROR,-82.37,36.34,18.46,4/2/2007
1176,9538187,NO ERROR,-86.71,36.26,18.59,4/18/2007
1177,9224809,NO ERROR,-85.24,35.00,3.14,8/12/2006
1178,10285723,ROUTE NOT FOUND,0.00,0.00,0.00,7/16/2007
1179,8818632,ROUTE NOT FOUND,0.00,0.00,0.00,5/22/2006
1180,9224351,ROUTE NOT FOUND,0.00,0.00,0.00,4/13/2006
1181,9773646,ROUTE NOT FOUND,0.00,0.00,0.00,4/5/2007
1182,9179252,ROUTE NOT FOUND,0.00,0.00,0.00,4/21/2007
1183,9360296,NO ERROR,-83.57,35.80,23.74,8/24/2007
1184,8817796,ROUTE NOT FOUND,0.00,0.00,0.00,3/23/2006
1185,9218268,ROUTE NOT FOUND,0.00,0.00,0.00,1/17/2006
1186,9657095,ROUTE NOT FOUND,0.00,0.00,0.00,5/2/2006
1187,8893147,ROUTE NOT FOUND,0.00,0.00,0.00,3/25/2007
1188,9298664,NO ERROR,-89.40,36.05,7.94,4/23/2006
1189,50025432,ROUTE NOT FOUND,0.00,0.00,0.00,8/2/2006
1190,10138817,ROUTE NOT FOUND,0.00,0.00,0.00,4/19/2007
1191,50022033,ROUTE NOT FOUND,0.00,0.00,0.00,6/29/2006
1192,9806360,NO ERROR,-86.40,35.80,10.61,9/8/2006
1193,9323639,NO ERROR,-83.41,35.91,24.00,8/6/2006
1194,8802408,ROUTE NOT FOUND,0.00,0.00,0.00,5/26/2006
1195,9860829,NO ERROR,-84.00,35.92,12.48,2/17/2007
1196,9494620,ROUTE NOT FOUND,0.00,0.00,0.00,3/30/2007
1197,10222621,NO ERROR,-90.04,35.17,14.16,11/11/2007
1198,8770838,ROUTE NOT FOUND,0.00,0.00,0.00,9/6/2006
1199,9494746,NO ERROR,-89.96,35.15,8.01,10/21/2006
1200,9332741,NO ERROR,-86.73,36.11,2.59,9/15/2006
1201,8770758,ROUTE NOT FOUND,0.00,0.00,0.00,6/28/2006
1202,9903923,ROUTE NOT FOUND,0.00,0.00,0.00,8/31/2007
1203,9514252,ROUTE NOT FOUND,0.00,0.00,0.00,5/25/2007
1204,9135423,ROUTE NOT FOUND,0.00,0.00,0.00,4/7/2006
1205,10261534,ROUTE NOT FOUND,0.00,0.00,0.00,7/27/2007
1206,8748127,ROUTE NOT FOUND,0.00,0.00,0.00,8/13/2006
1207,9133250,ROUTE NOT FOUND,0.00,0.00,0.00,4/9/2006
1208,9629728,ROUTE NOT FOUND,0.00,0.00,0.00,1/30/2007
1209,9118720,ROUTE NOT FOUND,0.00,0.00,0.00,5/29/2007
1210,9357298,NO ERROR,-89.99,35.15,6.06,9/28/2007
1211,9132482,ROUTE NOT FOUND,0.00,0.00,0.00,8/31/2006
1212,9599660,NO ERROR,-86.86,36.15,8.13,7/1/2006
1213,8774095,ROUTE NOT FOUND,0.00,0.00,0.00,6/3/2007
1214,9492462,NO ERROR,-85.49,36.19,6.10,3/10/2006
1215,9291948,ROUTE NOT FOUND,0.00,0.00,0.00,2/3/2006
1216,10130023,NO ERROR,-83.58,35.81,24.33,10/26/2007
1217,50014322,NO ERROR,-89.80,35.20,6.88,3/26/2006
1218,9786671,NO ERROR,-89.95,35.13,3.54,11/2/2006
1219,9318865,ROUTE NOT FOUND,0.00,0.00,0.00,5/3/2006
1220,8655766,ROUTE NOT FOUND,0.00,0.00,0.00,3/28/2006
1221,9802809,ROUTE NOT FOUND,0.00,0.00,0.00,3/27/2007
1222,9470631,NO ERROR,-84.10,35.98,5.69,11/2/2007
1223,10211852,NO ERROR,-86.76,36.23,16.82,9/20/2007
1224,8654318,ROUTE NOT FOUND,0.00,0.00,0.00,4/17/2006
1225,9130533,ROUTE NOT FOUND,0.00,0.00,0.00,9/6/2006
1226,10196653,ROUTE NOT FOUND,0.00,0.00,0.00,5/29/2007
1227,9026419,ROUTE NOT FOUND,0.00,0.00,0.00,1/25/2007
1228,9339150,ROUTE NOT FOUND,0.00,0.00,0.00,7/17/2007
1229,9125536,NO ERROR,-86.77,36.19,13.68,8/15/2006
1230,9524150,NO ERROR,-86.72,36.13,21.70,10/17/2006
1231,8116391,ROUTE NOT FOUND,0.00,0.00,0.00,2/11/2007
1232,9463716,NO ERROR,-86.47,35.84,7.25,1/13/2006
1233,9270437,NO ERROR,-86.96,36.36,3.06,3/16/2006
1234,9118203,ROUTE NOT FOUND,0.00,0.00,0.00,6/28/2006
1235,10200073,NO ERROR,-86.77,36.15,18.39,5/25/2007
1236,9571803,ROUTE NOT FOUND,0.00,0.00,0.00,2/19/2007
1237,9084700,ROUTE NOT FOUND,0.00,0.00,0.00,3/9/2007
1238,9355382,ROUTE NOT FOUND,0.00,0.00,0.00,6/22/2007
1239,9117407,ROUTE NOT FOUND,0.00,0.00,0.00,4/20/2006
1240,9541581,ROUTE NOT FOUND,0.00,0.00,0.00,10/24/2006
1241,8353221,NO ERROR,-85.21,34.99,1.14,3/29/2007
1242,9484082,NO ERROR,-85.78,35.70,11.99,10/10/2006
1243,9286954,ROUTE NOT FOUND,0.00,0.00,0.00,5/19/2006
1244,10000490,NO ERROR,-86.94,36.11,2.51,10/23/2007
1245,9772470,ROUTE NOT FOUND,0.00,0.00,0.00,12/18/2006
1246,50048590,ROUTE NOT FOUND,0.00,0.00,0.00,2/21/2007
1247,8640570,ROUTE NOT FOUND,0.00,0.00,0.00,1/16/2006
1248,9796584,ROUTE NOT FOUND,0.00,0.00,0.00,3/23/2007
1249,9258557,ROUTE NOT FOUND,0.00,0.00,0.00,8/11/2007
1250,9409487,ROUTE NOT FOUND,0.00,0.00,0.00,6/3/2007
1251,8621749,ROUTE NOT FOUND,0.00,0.00,0.00,9/9/2006
1252,9117405,ROUTE NOT FOUND,0.00,0.00,0.00,4/27/2006
1253,10194933,NO ERROR,-86.71,36.05,11.77,6/29/2007
1254,8972049,ROUTE NOT FOUND,0.00,0.00,0.00,5/12/2007
1255,9314929,NO ERROR,-86.84,36.04,3.96,4/10/2006
1256,9326916,NO ERROR,-86.86,36.15,27.44,9/15/2007
1257,50231496,ROUTE NOT FOUND,0.00,0.00,0.00,6/28/2006
1258,9860312,ROUTE NOT FOUND,0.00,0.00,0.00,3/29/2006
1259,9116432,ROUTE NOT FOUND,0.00,0.00,0.00,7/26/2006
1260,9506653,ROUTE NOT FOUND,0.00,0.00,0.00,6/15/2006
1261,7908268,ROUTE NOT FOUND,0.00,0.00,0.00,3/30/2007
1262,9457348,ROUTE NOT FOUND,0.00,0.00,0.00,1/16/2006
1263,9268497,ROUTE NOT FOUND,0.00,0.00,0.00,2/21/2006
1264,8573058,NO ERROR,-82.34,36.32,1.36,8/24/2006
1265,9911674,NO ERROR,-86.82,36.14,15.37,9/5/2007
1266,9546742,ROUTE NOT FOUND,0.00,0.00,0.00,6/3/2007
1267,9114651,ROUTE NOT FOUND,0.00,0.00,0.00,5/1/2006
1268,10295082,NO ERROR,-86.40,35.86,15.98,12/15/2007
1269,8571540,ROUTE NOT FOUND,0.00,0.00,0.00,7/18/2006
1270,9113867,NO ERROR,-85.24,35.02,12.99,8/17/2006
1271,9996608,NO ERROR,-82.55,36.56,3.53,10/5/2007
1272,9550395,ROUTE NOT FOUND,0.00,0.00,0.00,2/24/2007
1273,9739494,NO ERROR,-84.54,36.09,23.10,6/11/2006
1274,9110131,NO ERROR,-86.39,35.87,14.55,8/30/2006
1275,10314493,NO ERROR,-86.35,35.88,14.47,7/31/2007
1276,8570752,ROUTE NOT FOUND,0.00,0.00,0.00,11/26/2006
1277,9791409,NO ERROR,-85.20,35.02,0.55,3/20/2007
1278,9224823,ROUTE NOT FOUND,0.00,0.00,0.00,4/18/2007
1279,9385747,ROUTE NOT FOUND,0.00,0.00,0.00,5/20/2007
1280,8570351,ROUTE NOT FOUND,0.00,0.00,0.00,9/12/2006
1281,9109428,ROUTE NOT FOUND,0.00,0.00,0.00,12/27/2006
1282,9721421,ROUTE NOT FOUND,0.00,0.00,0.00,10/11/2006
1283,8967663,ROUTE NOT FOUND,0.00,0.00,0.00,5/6/2007
1284,9313441,NO ERROR,-86.84,36.13,13.57,7/19/2006
1285,9311077,NO ERROR,-82.84,36.16,12.46,1/26/2007
1286,50046679,ROUTE NOT FOUND,0.00,0.00,0.00,6/19/2006
1287,50022486,NO ERROR,-89.86,35.20,3.39,6/2/2006
1288,9848693,NO ERROR,-86.77,36.19,13.54,5/12/2006
1289,9496935,ROUTE NOT FOUND,0.00,0.00,0.00,7/25/2006
1290,7540816,ROUTE NOT FOUND,0.00,0.00,0.00,5/9/2007
1291,9401833,ROUTE NOT FOUND,0.00,0.00,0.00,9/5/2006
1292,8556897,ROUTE NOT FOUND,0.00,0.00,0.00,2/26/2006
1293,9905904,NO ERROR,-82.38,36.30,1.83,6/27/2007
1294,9535263,ROUTE NOT FOUND,0.00,0.00,0.00,9/26/2007
1295,9105071,ROUTE NOT FOUND,0.00,0.00,0.00,1/2/2006
1296,10284471,ROUTE NOT FOUND,0.00,0.00,0.00,5/31/2007
1297,8555064,ROUTE NOT FOUND,0.00,0.00,0.00,4/10/2006
1298,9089838,ROUTE NOT FOUND,0.00,0.00,0.00,3/10/2006
1299,9770908,ROUTE NOT FOUND,0.00,0.00,0.00,2/26/2007
1300,9178510,ROUTE NOT FOUND,0.00,0.00,0.00,8/12/2007
1301,9360249,NO ERROR,-83.58,35.82,24.96,8/6/2007
1302,8550990,NO ERROR,-83.90,35.99,21.70,11/4/2006
1303,9089068,ROUTE NOT FOUND,0.00,0.00,0.00,5/24/2006
1304,9632771,NO ERROR,-83.94,35.91,2.72,5/14/2006
1305,8818087,ROUTE NOT FOUND,0.00,0.00,0.00,11/2/2007
1306,9297764,NO ERROR,-87.35,36.08,11.59,11/3/2006
1307,9777097,ROUTE NOT FOUND,0.00,0.00,0.00,5/11/2007
1308,9198212,ROUTE NOT FOUND,0.00,0.00,0.00,8/6/2007
1309,9364214,ROUTE NOT FOUND,0.00,0.00,0.00,11/24/2007
1310,8541665,ROUTE NOT FOUND,0.00,0.00,0.00,9/26/2006
1311,9084489,NO ERROR,-84.16,36.35,27.66,6/13/2006
1312,9683092,NO ERROR,-86.45,36.40,16.31,11/6/2006
1313,8944078,NO ERROR,-86.84,35.96,15.35,6/3/2007
1314,9308049,NO ERROR,-82.81,36.17,9.37,8/26/2006
1315,9302455,NO ERROR,-87.38,36.55,16.24,3/4/2007
1316,50040701,ROUTE NOT FOUND,0.00,0.00,0.00,11/4/2006
1317,10143499,ROUTE NOT FOUND,0.00,0.00,0.00,11/10/2007
1318,50022467,NO ERROR,-83.34,36.20,5.58,5/6/2006
1319,9816664,ROUTE NOT FOUND,0.00,0.00,0.00,1/18/2006
1320,9330540,NO ERROR,-83.57,35.80,23.68,6/8/2006
1321,8524533,ROUTE NOT FOUND,0.00,0.00,0.00,6/14/2006
1322,9890604,NO ERROR,-82.22,36.38,23.92,3/31/2007
1323,9498366,NO ERROR,-90.01,35.16,13.84,3/16/2007
1324,9072486,ROUTE NOT FOUND,0.00,0.00,0.00,5/8/2006
1325,10260817,ROUTE NOT FOUND,0.00,0.00,0.00,9/14/2007
1326,8522297,ROUTE NOT FOUND,0.00,0.00,0.00,9/21/2006
1327,9072292,NO ERROR,-86.67,36.15,9.65,3/28/2006
1328,10201350,NO ERROR,-86.80,36.15,16.34,7/26/2007
1329,9618506,ROUTE NOT FOUND,0.00,0.00,0.00,11/2/2007
1330,9102745,ROUTE NOT FOUND,0.00,0.00,0.00,7/20/2007
1331,9355943,ROUTE NOT FOUND,0.00,0.00,0.00,4/30/2007
1332,9071807,ROUTE NOT FOUND,0.00,0.00,0.00,1/8/2006
1333,9251513,ROUTE NOT FOUND,0.00,0.00,0.00,11/17/2006
1334,9579916,ROUTE NOT FOUND,0.00,0.00,0.00,7/4/2006
1335,8721863,ROUTE NOT FOUND,0.00,0.00,0.00,3/8/2007
1336,9488151,ROUTE NOT FOUND,0.00,0.00,0.00,1/7/2006
1337,9288718,ROUTE NOT FOUND,0.00,0.00,0.00,6/1/2006
1338,10011163,ROUTE NOT FOUND,0.00,0.00,0.00,10/28/2007
1339,9870095,ROUTE NOT FOUND,0.00,0.00,0.00,6/15/2006
1340,9784728,ROUTE NOT FOUND,0.00,0.00,0.00,8/19/2006
1341,8510070,ROUTE NOT FOUND,0.00,0.00,0.00,12/24/2006
1342,9802592,ROUTE NOT FOUND,0.00,0.00,0.00,2/27/2007
1343,50023716,NO ERROR,-83.96,35.77,13.16,7/17/2006
1344,10134421,ROUTE NOT FOUND,0.00,0.00,0.00,7/30/2007
1345,50021938,ROUTE NOT FOUND,0.00,0.00,0.00,4/16/2006
1346,9802175,ROUTE NOT FOUND,0.00,0.00,0.00,11/29/2006
1347,9320836,ROUTE NOT FOUND,0.00,0.00,0.00,5/3/2006
1348,8487551,ROUTE NOT FOUND,0.00,0.00,0.00,12/30/2006
1349,9817371,NO ERROR,-82.19,36.60,24.87,5/24/2007
1350,9486238,ROUTE NOT FOUND,0.00,0.00,0.00,11/16/2007
1351,10222111,ROUTE NOT FOUND,0.00,0.00,0.00,7/20/2007
1352,8468375,ROUTE NOT FOUND,0.00,0.00,0.00,6/22/2006
1353,9070572,NO ERROR,-86.87,36.10,11.10,6/2/2006
1354,10197467,ROUTE NOT FOUND,0.00,0.00,0.00,10/10/2007
1355,9571522,NO ERROR,-83.96,35.95,16.42,3/5/2007
1356,9044916,NO ERROR,-83.55,35.87,15.09,10/1/2007
1357,9351183,ROUTE NOT FOUND,0.00,0.00,0.00,3/1/2007
1358,9070271,ROUTE NOT FOUND,0.00,0.00,0.00,4/26/2006
1359,9251505,ROUTE NOT FOUND,0.00,0.00,0.00,8/27/2006
1360,9539451,NO ERROR,-86.66,36.16,10.86,10/6/2006
1361,8352998,NO ERROR,-85.20,34.99,0.72,5/13/2007
1362,9476793,ROUTE NOT FOUND,0.00,0.00,0.00,8/8/2006
1363,9283168,ROUTE NOT FOUND,0.00,0.00,0.00,4/26/2006
1364,10000092,NO ERROR,-86.77,36.19,13.66,12/3/2007
1365,9552848,ROUTE NOT FOUND,0.00,0.00,0.00,5/19/2007
1366,9767452,NO ERROR,-90.00,35.02,6.38,2/9/2006
1367,50043456,ROUTE NOT FOUND,0.00,0.00,0.00,1/4/2007
1368,8434263,ROUTE NOT FOUND,0.00,0.00,0.00,7/7/2006
1369,9792913,ROUTE NOT FOUND,0.00,0.00,0.00,9/2/2007
1370,9250487,ROUTE NOT FOUND,0.00,0.00,0.00,5/17/2007
1371,9408073,ROUTE NOT FOUND,0.00,0.00,0.00,7/23/2007
1372,8434134,NO ERROR,-84.56,35.25,1.13,8/16/2006
1373,9070269,ROUTE NOT FOUND,0.00,0.00,0.00,4/15/2006
1374,10158018,ROUTE NOT FOUND,0.00,0.00,0.00,8/31/2007
1375,8970090,ROUTE NOT FOUND,0.00,0.00,0.00,11/6/2007
1376,9314364,ROUTE NOT FOUND,0.00,0.00,0.00,5/15/2006
1377,9324046,NO ERROR,-83.57,35.80,23.45,8/15/2007
1378,50072078,ROUTE NOT FOUND,0.00,0.00,0.00,7/28/2006
1379,9461935,ROUTE NOT FOUND,0.00,0.00,0.00,3/24/2007
1380,10207105,NO ERROR,-87.27,36.49,6.83,9/11/2007
1381,8424379,NO ERROR,-83.57,35.80,23.92,6/6/2006
1382,9070033,ROUTE NOT FOUND,0.00,0.00,0.00,3/10/2006
1383,10196254,ROUTE NOT FOUND,0.00,0.00,0.00,6/9/2007
1384,8976863,NO ERROR,-88.41,35.66,11.70,7/14/2007
1385,9333658,NO ERROR,-84.85,35.13,11.38,8/11/2007
1386,7457215,NO ERROR,-90.02,35.33,6.91,11/11/2007
1387,9866180,ROUTE NOT FOUND,0.00,0.00,0.00,9/19/2006
1388,9067866,NO ERROR,-86.69,36.30,21.65,5/13/2006
1389,9523581,ROUTE NOT FOUND,0.00,0.00,0.00,7/21/2006
1390,8037120,NO ERROR,-82.22,36.59,23.35,8/22/2007
1391,9461979,ROUTE NOT FOUND,0.00,0.00,0.00,1/17/2006
1392,9269665,ROUTE NOT FOUND,0.00,0.00,0.00,2/5/2006
1393,9915280,NO ERROR,-86.62,36.02,0.07,9/10/2007
1394,9549520,ROUTE NOT FOUND,0.00,0.00,0.00,3/22/2007
1395,9734700,NO ERROR,-83.91,35.98,21.01,5/14/2006
1396,9060508,ROUTE NOT FOUND,0.00,0.00,0.00,5/11/2006
1397,10309239,NO ERROR,-82.58,36.56,2.01,11/18/2007
1398,8296347,ROUTE NOT FOUND,0.00,0.00,0.00,5/21/2006
1399,9786620,ROUTE NOT FOUND,0.00,0.00,0.00,2/6/2007
1400,9202474,ROUTE NOT FOUND,0.00,0.00,0.00,10/4/2007
1401,9380605,ROUTE NOT FOUND,0.00,0.00,0.00,6/4/2007
1402,8242083,ROUTE NOT FOUND,0.00,0.00,0.00,6/10/2006
1403,9059485,ROUTE NOT FOUND,0.00,0.00,0.00,4/18/2006
1404,9701170,NO ERROR,-89.92,35.21,0.39,6/9/2006
1405,8963831,ROUTE NOT FOUND,0.00,0.00,0.00,10/13/2007
1406,9308829,NO ERROR,-86.71,36.26,18.12,8/7/2006
1407,9306170,NO ERROR,-84.86,35.18,15.90,6/4/2007
1408,50044644,ROUTE NOT FOUND,0.00,0.00,0.00,5/23/2006
1409,50022478,ROUTE NOT FOUND,0.00,0.00,0.00,5/28/2006
1410,9845831,ROUTE NOT FOUND,0.00,0.00,0.00,5/5/2006
1411,9495128,ROUTE NOT FOUND,0.00,0.00,0.00,11/9/2006
1412,9332769,ROUTE NOT FOUND,0.00,0.00,0.00,12/28/2006
1413,8241941,ROUTE NOT FOUND,0.00,0.00,0.00,9/2/2006
1414,9904514,ROUTE NOT FOUND,0.00,0.00,0.00,7/15/2007
1415,9516260,ROUTE NOT FOUND,0.00,0.00,0.00,5/30/2007
1416,9851125,ROUTE NOT FOUND,0.00,0.00,0.00,5/5/2006
1417,9503832,NO ERROR,-86.36,35.87,14.01,4/9/2006
1418,7748616,ROUTE NOT FOUND,0.00,0.00,0.00,8/29/2007
1419,9403857,ROUTE NOT FOUND,0.00,0.00,0.00,12/28/2006
1420,8232137,NO ERROR,-86.82,35.98,17.10,8/23/2006
1421,9911515,ROUTE NOT FOUND,0.00,0.00,0.00,10/31/2007
1422,9543731,ROUTE NOT FOUND,0.00,0.00,0.00,3/28/2007
1423,9059453,ROUTE NOT FOUND,0.00,0.00,0.00,7/10/2006
1424,10291247,ROUTE NOT FOUND,0.00,0.00,0.00,10/4/2007
1425,8210625,NO ERROR,-85.32,35.03,6.79,5/6/2006
1426,9058736,ROUTE NOT FOUND,0.00,0.00,0.00,2/3/2006
1427,9773914,ROUTE NOT FOUND,0.00,0.00,0.00,5/9/2007
1428,9179281,ROUTE NOT FOUND,0.00,0.00,0.00,4/26/2007
1429,9362237,NO ERROR,-89.98,35.16,0.00,8/26/2007
1430,8203530,NO ERROR,-86.77,36.21,14.90,1/4/2006
1431,9058539,ROUTE NOT FOUND,0.00,0.00,0.00,7/4/2006
1432,9657308,ROUTE NOT FOUND,0.00,0.00,0.00,4/3/2006
1433,8895144,ROUTE NOT FOUND,0.00,0.00,0.00,5/6/2007
1434,9302026,ROUTE NOT FOUND,0.00,0.00,0.00,7/13/2006
1435,50029312,ROUTE NOT FOUND,0.00,0.00,0.00,8/4/2006
1436,10139624,NO ERROR,-89.93,35.08,5.75,8/6/2007
1437,50022452,NO ERROR,-89.93,35.08,5.90,5/22/2006
1438,9810534,ROUTE NOT FOUND,0.00,0.00,0.00,1/2/2006
1439,9328828,ROUTE NOT FOUND,0.00,0.00,0.00,10/15/2006
1440,8182320,NO ERROR,-85.42,35.18,23.65,7/15/2006
1441,9861098,ROUTE NOT FOUND,0.00,0.00,0.00,3/26/2007
1442,9495721,ROUTE NOT FOUND,0.00,0.00,0.00,4/28/2007
1443,10222714,ROUTE NOT FOUND,0.00,0.00,0.00,8/29/2007
1444,8181967,NO ERROR,-84.95,35.50,12.63,3/10/2006
1445,9057414,NO ERROR,-89.98,35.11,0.64,6/12/2006
1446,10200849,ROUTE NOT FOUND,0.00,0.00,0.00,3/27/2007
1447,9585279,ROUTE NOT FOUND,0.00,0.00,0.00,7/10/2007
1448,9095113,ROUTE NOT FOUND,0.00,0.00,0.00,4/12/2007
1449,9355526,ROUTE NOT FOUND,0.00,0.00,0.00,5/5/2007
1450,9055953,NO ERROR,-90.03,35.13,13.10,1/14/2006
1451,10267021,ROUTE NOT FOUND,0.00,0.00,0.00,3/12/2007
1452,8148582,NO ERROR,-86.71,36.27,18.95,7/11/2006
1453,9055429,ROUTE NOT FOUND,0.00,0.00,0.00,8/2/2006
1454,9728447,ROUTE NOT FOUND,0.00,0.00,0.00,6/11/2007
1455,9121748,NO ERROR,-82.56,36.55,9.87,3/7/2007
1456,9358128,ROUTE NOT FOUND,0.00,0.00,0.00,3/17/2007
1457,8140217,NO ERROR,-89.53,35.75,6.90,3/10/2006
1458,9048489,ROUTE NOT FOUND,0.00,0.00,0.00,10/14/2006
1459,9622088,ROUTE NOT FOUND,0.00,0.00,0.00,7/19/2006
1460,8774158,ROUTE NOT FOUND,0.00,0.00,0.00,4/3/2007
1461,9493327,NO ERROR,-86.69,36.09,4.93,4/5/2006
1462,9293672,NO ERROR,-86.79,36.17,0.49,4/23/2006
1463,50022490,ROUTE NOT FOUND,0.00,0.00,0.00,6/13/2006
1464,10130864,ROUTE NOT FOUND,0.00,0.00,0.00,10/13/2007
1465,50017375,ROUTE NOT FOUND,0.00,0.00,0.00,4/22/2006
1466,9790160,ROUTE NOT FOUND,0.00,0.00,0.00,10/9/2006
1467,9319014,NO ERROR,-82.51,36.50,5.49,6/13/2006
1468,8127701,ROUTE NOT FOUND,0.00,0.00,0.00,8/4/2006
1469,9805727,ROUTE NOT FOUND,0.00,0.00,0.00,4/9/2007
1470,9476923,ROUTE NOT FOUND,0.00,0.00,0.00,11/14/2007
1471,10213185,NO ERROR,-86.86,36.15,8.01,6/27/2007
1472,8054324,NO ERROR,-87.07,36.28,6.76,7/27/2006
1473,9048097,ROUTE NOT FOUND,0.00,0.00,0.00,3/15/2006
1474,10197329,ROUTE NOT FOUND,0.00,0.00,0.00,8/19/2007
1475,9553370,NO ERROR,-86.46,35.49,11.01,6/5/2007
1476,9028215,ROUTE NOT FOUND,0.00,0.00,0.00,6/6/2007
1477,9348658,ROUTE NOT FOUND,0.00,0.00,0.00,5/10/2007
1478,9046599,ROUTE NOT FOUND,0.00,0.00,0.00,6/5/2006
1479,9527056,ROUTE NOT FOUND,0.00,0.00,0.00,11/4/2006
1480,8177136,ROUTE NOT FOUND,0.00,0.00,0.00,6/18/2007
1481,9469596,ROUTE NOT FOUND,0.00,0.00,0.00,6/15/2006
1482,9274970,ROUTE NOT FOUND,0.00,0.00,0.00,6/1/2006
1483,9996700,ROUTE NOT FOUND,0.00,0.00,0.00,9/26/2007
1484,9552055,NO ERROR,-87.24,36.52,16.50,4/2/2007
1485,9765718,ROUTE NOT FOUND,0.00,0.00,0.00,3/13/2006
1486,9043876,ROUTE NOT FOUND,0.00,0.00,0.00,2/1/2006
1487,9550345,ROUTE NOT FOUND,0.00,0.00,0.00,12/19/2006
1488,8568260,NO ERROR,-84.95,35.15,0.06,5/7/2007
1489,9485833,ROUTE NOT FOUND,0.00,0.00,0.00,4/5/2006
1490,9287790,ROUTE NOT FOUND,0.00,0.00,0.00,4/29/2006
1491,10005523,ROUTE NOT FOUND,0.00,0.00,0.00,12/9/2007
1492,9773858,ROUTE NOT FOUND,0.00,0.00,0.00,10/5/2006
1493,50051426,ROUTE NOT FOUND,0.00,0.00,0.00,3/11/2007
1494,8037534,ROUTE NOT FOUND,0.00,0.00,0.00,8/9/2006
1495,9800730,NO ERROR,-86.75,36.12,10.17,1/9/2007
1496,9285570,ROUTE NOT FOUND,0.00,0.00,0.00,5/23/2007
1497,9409754,NO ERROR,-86.85,36.12,12.60,12/17/2007
1498,8037406,ROUTE NOT FOUND,0.00,0.00,0.00,4/1/2006
1499,9040256,NO ERROR,-87.39,36.55,16.89,1/10/2006
1500,10195435,NO ERROR,-86.69,36.09,4.67,5/17/2007
1501,8972283,ROUTE NOT FOUND,0.00,0.00,0.00,9/29/2007
1502,9314956,ROUTE NOT FOUND,0.00,0.00,0.00,4/4/2006
1503,9327019,ROUTE NOT FOUND,0.00,0.00,0.00,4/8/2007
1504,7330003,ROUTE NOT FOUND,0.00,0.00,0.00,8/11/2007
1505,9860690,ROUTE NOT FOUND,0.00,0.00,0.00,6/20/2006
1506,9038526,ROUTE NOT FOUND,0.00,0.00,0.00,3/8/2006
1507,9519167,NO ERROR,-88.32,36.30,12.72,9/21/2006
1508,7937318,NO ERROR,-84.06,36.19,22.94,1/13/2007
1509,9459861,NO ERROR,-86.39,35.91,4.02,2/13/2006
1510,9269010,ROUTE NOT FOUND,0.00,0.00,0.00,3/11/2006
1511,8037196,ROUTE NOT FOUND,0.00,0.00,0.00,4/15/2006
1512,9912573,NO ERROR,-86.75,36.15,19.44,5/2/2007
1513,9547819,NO ERROR,-89.73,35.21,10.86,6/30/2007
1514,9722917,ROUTE NOT FOUND,0.00,0.00,0.00,8/24/2006
1515,9034713,ROUTE NOT FOUND,0.00,0.00,0.00,4/18/2006
1516,10296100,NO ERROR,-87.07,35.61,14.13,12/19/2007
1517,8037097,NO ERROR,-82.24,36.52,9.79,9/6/2006
1518,9025877,NO ERROR,-82.39,36.31,2.50,8/18/2006
1519,9777134,NO ERROR,-90.02,35.08,6.14,2/28/2007
1520,9198561,ROUTE NOT FOUND,0.00,0.00,0.00,7/9/2007
1521,9370489,ROUTE NOT FOUND,0.00,0.00,0.00,12/24/2007
1522,7949935,ROUTE NOT FOUND,0.00,0.00,0.00,3/8/2006
1523,9012821,NO ERROR,-82.37,36.38,21.99,11/23/2006
1524,10314554,NO ERROR,-86.39,35.86,14.35,9/21/2007
1525,7949709,NO ERROR,-87.02,35.64,23.29,4/7/2006
1526,9791584,ROUTE NOT FOUND,0.00,0.00,0.00,1/30/2007
1527,9227350,ROUTE NOT FOUND,0.00,0.00,0.00,10/5/2007
1528,9397211,ROUTE NOT FOUND,0.00,0.00,0.00,5/9/2007
1529,7936139,ROUTE NOT FOUND,0.00,0.00,0.00,6/30/2006
1530,9012261,ROUTE NOT FOUND,0.00,0.00,0.00,8/13/2006
1531,10151763,NO ERROR,-90.00,35.13,1.42,12/11/2007
1532,8968314,NO ERROR,-89.96,35.15,7.70,5/4/2007
1533,9313478,ROUTE NOT FOUND,0.00,0.00,0.00,7/27/2006
1534,9314485,ROUTE NOT FOUND,0.00,0.00,0.00,11/2/2007
1535,50052743,ROUTE NOT FOUND,0.00,0.00,0.00,12/15/2006
1536,9849961,NO ERROR,-86.80,36.15,8.28,2/24/2006
1537,9499711,ROUTE NOT FOUND,0.00,0.00,0.00,6/16/2006
1538,7667461,ROUTE NOT FOUND,0.00,0.00,0.00,4/17/2007
1539,9402272,ROUTE NOT FOUND,0.00,0.00,0.00,12/27/2006
1540,7922748,ROUTE NOT FOUND,0.00,0.00,0.00,10/8/2006
1541,9905922,NO ERROR,-82.39,36.32,3.29,5/25/2007
1542,9536686,NO ERROR,-86.77,36.11,0.38,10/4/2007
1543,9011532,ROUTE NOT FOUND,0.00,0.00,0.00,8/25/2006
1544,10284822,ROUTE NOT FOUND,0.00,0.00,0.00,11/1/2007
1545,7922164,ROUTE NOT FOUND,0.00,0.00,0.00,9/1/2006
1546,9007102,ROUTE NOT FOUND,0.00,0.00,0.00,5/9/2006
1547,9770919,ROUTE NOT FOUND,0.00,0.00,0.00,3/30/2007
1548,9178537,ROUTE NOT FOUND,0.00,0.00,0.00,7/7/2007
1549,9360251,NO ERROR,-83.57,35.80,23.68,7/26/2007
1550,7906318,ROUTE NOT FOUND,0.00,0.00,0.00,5/1/2006
1551,9003501,ROUTE NOT FOUND,0.00,0.00,0.00,2/1/2006
1552,9646474,NO ERROR,-86.14,36.10,15.31,9/21/2006
1553,8836935,ROUTE NOT FOUND,0.00,0.00,0.00,7/11/2007
1554,9298446,ROUTE NOT FOUND,0.00,0.00,0.00,5/7/2006
1555,50024452,ROUTE NOT FOUND,0.00,0.00,0.00,4/22/2006
1556,10135161,ROUTE NOT FOUND,0.00,0.00,0.00,11/2/2007
1557,50021994,ROUTE NOT FOUND,0.00,0.00,0.00,6/11/2006
1558,9803151,ROUTE NOT FOUND,0.00,0.00,0.00,12/11/2006
1559,9323632,NO ERROR,-83.57,35.80,23.48,8/4/2006
1560,7873058,ROUTE NOT FOUND,0.00,0.00,0.00,8/6/2006
1561,9690827,ROUTE NOT FOUND,0.00,0.00,0.00,7/19/2006
1562,8955428,NO ERROR,-81.96,36.48,0.19,4/22/2007
1563,9308337,ROUTE NOT FOUND,0.00,0.00,0.00,10/29/2006
1564,9302875,ROUTE NOT FOUND,0.00,0.00,0.00,6/17/2007
1565,50043198,ROUTE NOT FOUND,0.00,0.00,0.00,11/27/2006
1566,10147274,NO ERROR,-90.01,35.16,13.70,10/4/2007
1567,50022470,NO ERROR,-84.46,35.60,2.83,6/7/2006
1568,9819657,NO ERROR,-82.33,36.34,2.48,12/30/2006
1569,9330669,NO ERROR,-83.58,35.82,24.91,7/11/2006
1570,7844914,NO ERROR,-85.29,34.99,7.42,6/1/2006
1571,9903919,ROUTE NOT FOUND,0.00,0.00,0.00,10/1/2007
1572,9499620,ROUTE NOT FOUND,0.00,0.00,0.00,7/31/2007
1573,8999954,NO ERROR,-84.86,35.20,12.10,2/10/2006
1574,10261240,NO ERROR,-89.95,35.13,3.07,11/16/2007
1575,7808326,ROUTE NOT FOUND,0.00,0.00,0.00,5/18/2006
1576,8999619,ROUTE NOT FOUND,0.00,0.00,0.00,5/28/2006
1577,10204247,NO ERROR,-86.60,36.22,24.83,5/18/2007
1578,9622369,ROUTE NOT FOUND,0.00,0.00,0.00,3/18/2007
1579,9105956,ROUTE NOT FOUND,0.00,0.00,0.00,7/11/2007
1580,9356087,ROUTE NOT FOUND,0.00,0.00,0.00,4/20/2007
1581,8993510,ROUTE NOT FOUND,0.00,0.00,0.00,4/18/2006
1582,9250977,ROUTE NOT FOUND,0.00,0.00,0.00,3/30/2006
1583,9591209,NO ERROR,-84.14,35.86,1.80,1/28/2006
1584,8773605,NO ERROR,-89.84,35.10,9.99,5/3/2007
1585,9492426,NO ERROR,-85.50,36.15,3.49,2/10/2006
1586,9288723,NO ERROR,-86.75,36.11,1.10,6/1/2006
1587,10011859,NO ERROR,-85.20,35.08,0.64,10/16/2007
1588,9881319,ROUTE NOT FOUND,0.00,0.00,0.00,6/10/2006
1589,9786279,ROUTE NOT FOUND,0.00,0.00,0.00,10/11/2006
1590,9315514,ROUTE NOT FOUND,0.00,0.00,0.00,11/3/2006
1591,7808244,ROUTE NOT FOUND,0.00,0.00,0.00,7/25/2006
1592,9802594,NO ERROR,-86.42,35.85,10.25,2/27/2007
1593,9470431,ROUTE NOT FOUND,0.00,0.00,0.00,6/4/2007
1594,10207174,ROUTE NOT FOUND,0.00,0.00,0.00,4/21/2007
1595,7808205,NO ERROR,-85.32,35.07,1.29,5/31/2006
1596,8970770,NO ERROR,-86.63,36.31,0.60,11/30/2006
1597,10196279,NO ERROR,-86.78,36.14,7.38,5/3/2007
1598,8977879,ROUTE NOT FOUND,0.00,0.00,0.00,5/16/2007
1599,9857798,NO ERROR,-83.92,36.06,13.65,1/12/2007
1600,9494269,ROUTE NOT FOUND,0.00,0.00,0.00,6/25/2007
1601,10222587,ROUTE NOT FOUND,0.00,0.00,0.00,3/29/2007
1602,7808036,ROUTE NOT FOUND,0.00,0.00,0.00,3/26/2006
1603,8955389,NO ERROR,-82.88,36.46,1.93,10/22/2006
1604,10197640,ROUTE NOT FOUND,0.00,0.00,0.00,7/30/2007
1605,9571751,ROUTE NOT FOUND,0.00,0.00,0.00,2/22/2007
1606,9082095,NO ERROR,-89.69,35.05,19.19,7/18/2007
1607,9352927,ROUTE NOT FOUND,0.00,0.00,0.00,10/31/2007
1608,8932756,ROUTE NOT FOUND,0.00,0.00,0.00,2/3/2006
1609,9541259,NO ERROR,-86.83,36.15,9.43,10/30/2006
1610,8353053,NO ERROR,-85.23,34.99,2.73,2/27/2007
1611,9483437,ROUTE NOT FOUND,0.00,0.00,0.00,8/12/2006
1612,9286943,ROUTE NOT FOUND,0.00,0.00,0.00,5/15/2006
1613,9251873,NO ERROR,-89.98,35.13,2.47,8/25/2006
1614,10000347,ROUTE NOT FOUND,0.00,0.00,0.00,10/27/2007
1615,9770676,NO ERROR,-89.95,35.13,3.97,7/3/2006
1616,50047073,ROUTE NOT FOUND,0.00,0.00,0.00,1/11/2007
1617,7727158,ROUTE NOT FOUND,0.00,0.00,0.00,4/22/2006
1618,9796321,ROUTE NOT FOUND,0.00,0.00,0.00,3/5/2007
1619,9257023,ROUTE NOT FOUND,0.00,0.00,0.00,12/18/2007
1620,9408826,ROUTE NOT FOUND,0.00,0.00,0.00,1/7/2007
1621,7711043,NO ERROR,-89.04,36.42,0.66,8/14/2006
1622,10160961,NO ERROR,-86.37,35.84,18.32,11/10/2007
1623,8970499,NO ERROR,-86.62,36.31,3.23,1/30/2007
1624,9314855,ROUTE NOT FOUND,0.00,0.00,0.00,4/28/2006
1625,9326566,NO ERROR,-86.66,36.17,19.75,3/27/2007
1626,50228570,NO ERROR,-86.93,35.98,3.38,9/14/2006
1627,9854127,NO ERROR,-89.77,35.56,11.98,5/25/2006
1628,9504844,NO ERROR,-86.40,35.85,13.52,6/24/2006
1629,7813228,NO ERROR,-85.35,34.99,0.95,4/29/2007
1630,9410554,ROUTE NOT FOUND,0.00,0.00,0.00,7/1/2006
1631,9259028,ROUTE NOT FOUND,0.00,0.00,0.00,8/18/2006
1632,50084196,NO ERROR,-89.98,35.10,9.18,10/22/2007
1633,50083382,NO ERROR,-83.94,35.96,17.97,11/13/2007
1634,50083052,NO ERROR,-84.27,36.01,1.83,8/27/2007
1635,50081755,NO ERROR,-83.99,36.01,5.37,11/14/2007
1636,50079002,ROUTE NOT FOUND,0.00,0.00,0.00,6/5/2007
1637,50076680,ROUTE NOT FOUND,0.00,0.00,0.00,7/27/2007
1638,50076518,ROUTE NOT FOUND,0.00,0.00,0.00,6/2/2007
1639,50075352,ROUTE NOT FOUND,0.00,0.00,0.00,6/12/2007
1640,50075324,ROUTE NOT FOUND,0.00,0.00,0.00,7/2/2007
1641,50074889,NO ERROR,-86.06,35.81,11.73,6/27/2007
1642,50073938,ROUTE NOT FOUND,0.00,0.00,0.00,6/20/2007
1643,50073927,ROUTE NOT FOUND,0.00,0.00,0.00,6/12/2007
1644,50265310,NO ERROR,-85.48,35.93,10.52,6/21/2007
1645,50072690,ROUTE NOT FOUND,0.00,0.00,0.00,8/7/2007
1646,50265165,NO ERROR,-86.30,36.21,16.88,7/24/2007
1647,50265092,ROUTE NOT FOUND,0.00,0.00,0.00,9/7/2007
1648,50072228,NO ERROR,-85.47,35.93,9.13,8/27/2007
1649,50265064,NO ERROR,-89.87,35.17,13.78,7/6/2007
1650,50070359,NO ERROR,-82.82,36.17,8.72,6/16/2007
1651,50264942,ROUTE NOT FOUND,0.00,0.00,0.00,6/26/2007
1652,50069100,ROUTE NOT FOUND,0.00,0.00,0.00,6/20/2007
1653,50264845,ROUTE NOT FOUND,0.00,0.00,0.00,9/29/2007
1654,50264743,ROUTE NOT FOUND,0.00,0.00,0.00,11/1/2007
1655,50264708,ROUTE NOT FOUND,0.00,0.00,0.00,7/9/2007
1656,50264572,NO ERROR,-85.04,35.97,15.32,11/12/2007
1657,50068391,NO ERROR,-89.85,35.20,4.30,7/17/2007
1658,50264303,ROUTE NOT FOUND,0.00,0.00,0.00,8/31/2007
1659,50249058,ROUTE NOT FOUND,0.00,0.00,0.00,5/10/2007
1660,50248500,NO ERROR,-84.27,36.01,2.14,11/9/2007
1661,50068190,NO ERROR,-89.39,35.24,14.08,6/21/2007
1662,50246184,ROUTE NOT FOUND,0.00,0.00,0.00,9/6/2007
1663,50067269,ROUTE NOT FOUND,0.00,0.00,0.00,6/1/2007
1664,50246169,NO ERROR,-83.94,35.97,15.70,10/31/2007
1665,50246105,NO ERROR,-83.95,35.95,17.17,11/6/2007
1666,50239271,ROUTE NOT FOUND,0.00,0.00,0.00,8/29/2007
1667,50066882,NO ERROR,-86.42,35.71,4.33,7/29/2007
1668,50239229,ROUTE NOT FOUND,0.00,0.00,0.00,8/28/2007
1669,50239213,ROUTE NOT FOUND,0.00,0.00,0.00,10/1/2007
1670,50064188,ROUTE NOT FOUND,0.00,0.00,0.00,6/4/2007
1671,50239211,NO ERROR,-85.20,35.97,3.82,10/3/2007
1672,50063433,ROUTE NOT FOUND,0.00,0.00,0.00,5/20/2007
1673,50239158,ROUTE NOT FOUND,0.00,0.00,0.00,8/30/2007
1674,50239067,NO ERROR,-85.03,35.96,0.06,10/9/2007
1675,50062278,ROUTE NOT FOUND,0.00,0.00,0.00,5/10/2007
1676,50238416,ROUTE NOT FOUND,0.00,0.00,0.00,11/8/2007
1677,50228574,ROUTE NOT FOUND,0.00,0.00,0.00,3/30/2007
1678,50059603,ROUTE NOT FOUND,0.00,0.00,0.00,4/21/2007
1679,50228573,ROUTE NOT FOUND,0.00,0.00,0.00,2/28/2007
1680,50228572,ROUTE NOT FOUND,0.00,0.00,0.00,4/20/2007
1681,50228565,NO ERROR,-83.95,35.93,4.23,8/10/2007
1682,50059288,ROUTE NOT FOUND,0.00,0.00,0.00,4/25/2007
1683,50200622,NO ERROR,-83.94,35.97,15.58,8/29/2007
1684,50199593,ROUTE NOT FOUND,0.00,0.00,0.00,10/20/2007
1685,50199257,ROUTE NOT FOUND,0.00,0.00,0.00,12/31/2007
1686,50164153,NO ERROR,-88.81,36.12,0.00,11/30/2007
1687,50056853,ROUTE NOT FOUND,0.00,0.00,0.00,4/2/2007
1688,50131776,ROUTE NOT FOUND,0.00,0.00,0.00,6/6/2007
1689,50130216,ROUTE NOT FOUND,0.00,0.00,0.00,12/5/2007
1690,50056472,ROUTE NOT FOUND,0.00,0.00,0.00,4/1/2007
1691,50129660,ROUTE NOT FOUND,0.00,0.00,0.00,9/21/2007
1692,50056001,ROUTE NOT FOUND,0.00,0.00,0.00,1/16/2007
1693,50121907,NO ERROR,-84.27,36.01,1.83,2/8/2007
1694,50055895,ROUTE NOT FOUND,0.00,0.00,0.00,4/5/2007
1695,50114467,NO ERROR,-83.93,36.03,11.09,6/23/2007
1696,50055404,NO ERROR,-83.57,36.46,8.81,3/25/2007
1697,50101358,NO ERROR,-86.30,36.22,1.92,7/26/2007
1698,50101338,ROUTE NOT FOUND,0.00,0.00,0.00,7/20/2007
1699,50098074,ROUTE NOT FOUND,0.00,0.00,0.00,5/31/2007
1700,50098002,NO ERROR,-84.59,35.44,10.90,8/6/2007
1701,50054897,ROUTE NOT FOUND,0.00,0.00,0.00,3/26/2007
1702,50096141,ROUTE NOT FOUND,0.00,0.00,0.00,9/7/2007
1703,50091274,ROUTE NOT FOUND,0.00,0.00,0.00,8/4/2007
1704,50091152,ROUTE NOT FOUND,0.00,0.00,0.00,9/12/2007
1705,50054328,NO ERROR,-84.06,35.94,4.15,3/22/2007
1706,50054319,ROUTE NOT FOUND,0.00,0.00,0.00,3/22/2007
1707,50091049,NO ERROR,-89.99,35.11,9.88,7/6/2007
1708,50090720,ROUTE NOT FOUND,0.00,0.00,0.00,6/30/2007
1709,50090181,ROUTE NOT FOUND,0.00,0.00,0.00,8/1/2007
1710,50053879,NO ERROR,-83.92,35.96,0.09,2/27/2007
1711,50089411,NO ERROR,-84.02,36.01,3.51,7/9/2007
1712,50088663,ROUTE NOT FOUND,0.00,0.00,0.00,10/2/2007
1713,50087604,NO ERROR,-89.99,35.11,9.84,10/18/2007
1714,50053727,ROUTE NOT FOUND,0.00,0.00,0.00,1/27/2007
1715,50051642,ROUTE NOT FOUND,0.00,0.00,0.00,2/11/2007
